0 verbose cli C:\Program Files\nodejs\node.exe C:\Program Files\nodejs\node_modules\npm\bin\npm-cli.js
1 info using npm@11.13.0
2 info using node@v24.16.0
3 silly config load:file:C:\Program Files\nodejs\node_modules\npm\npmrc
4 silly config load:file:C:\Users\HP\Documents\Codex\2026-08-18\files-pasted-by-the-user-build\.npmrc
5 silly config load:file:C:\Users\HP\.npmrc
6 silly config load:file:C:\Users\HP\AppData\Roaming\npm\etc\npmrc
7 verbose title npm exec vercel@latest --prod
8 verbose argv "exec" "--yes" "--" "vercel@latest" "--prod"
9 verbose logfile logs-max:10 dir:C:\Users\HP\Documents\Codex\2026-08-18\files-pasted-by-the-user-build\work\npm-cache\_logs\2026-08-18T12_13_50_465Z-
10 verbose logfile C:\Users\HP\Documents\Codex\2026-08-18\files-pasted-by-the-user-build\work\npm-cache\_logs\2026-08-18T12_13_50_465Z-debug-0.log
11 silly logfile done cleaning log files
12 silly packumentCache heap:2348810240 maxSize:587202560 maxEntrySize:293601280
13 http fetch GET 200 https://registry.npmjs.org/vercel 849ms (cache miss)
14 silly packumentCache heap:2348810240 maxSize:587202560 maxEntrySize:293601280
15 verbose Could not read global path C:\Users\HP\AppData\Roaming\npm, ignoring
16 silly packumentCache heap:2348810240 maxSize:587202560 maxEntrySize:293601280
17 silly idealTree buildDeps
18 silly fetch manifest vercel@59.1.4
19 silly packumentCache full:https://registry.npmjs.org/vercel cache-miss
20 http fetch GET 200 https://registry.npmjs.org/vercel 410ms (cache miss)
21 silly packumentCache full:https://registry.npmjs.org/vercel set size:undefined disposed:false
22 silly placeDep ROOT vercel@59.1.4 OK for:  want: 59.1.4
23 silly fetch manifest zod@4.1.11
24 silly packumentCache full:https://registry.npmjs.org/zod cache-miss
25 silly fetch manifest jose@5.9.6
26 silly packumentCache full:https://registry.npmjs.org/jose cache-miss
27 silly fetch manifest uuid@14.0.1
28 silly packumentCache full:https://registry.npmjs.org/uuid cache-miss
29 silly fetch manifest luxon@^3.4.0
30 silly packumentCache full:https://registry.npmjs.org/luxon cache-miss
31 silly fetch manifest undici@5.29.0
32 silly packumentCache full:https://registry.npmjs.org/undici cache-miss
33 silly fetch manifest esbuild@0.27.0
34 silly packumentCache full:https://registry.npmjs.org/esbuild cache-miss
35 silly fetch manifest sandbox@3.4.0
36 silly packumentCache full:https://registry.npmjs.org/sandbox cache-miss
37 silly fetch manifest chokidar@4.0.0
38 silly packumentCache full:https://registry.npmjs.org/chokidar cache-miss
39 silly fetch manifest smol-toml@1.5.2
40 silly packumentCache full:https://registry.npmjs.org/smol-toml cache-miss
41 silly fetch manifest @vercel/go@3.11.0
42 silly packumentCache full:https://registry.npmjs.org/@vercel%2fgo cache-miss
43 silly fetch manifest @vercel/h3@0.1.124
44 silly packumentCache full:https://registry.npmjs.org/@vercel%2fh3 cache-miss
45 http fetch GET 200 https://registry.npmjs.org/zod 368ms (cache miss)
46 silly packumentCache full:https://registry.npmjs.org/zod set size:undefined disposed:false
47 silly fetch manifest @vercel/fun@1.3.0
48 silly packumentCache full:https://registry.npmjs.org/@vercel%2ffun cache-miss
49 http fetch GET 200 https://registry.npmjs.org/smol-toml 454ms (cache miss)
50 silly packumentCache full:https://registry.npmjs.org/smol-toml set size:undefined disposed:false
51 silly fetch manifest @vercel/koa@0.1.98
52 silly packumentCache full:https://registry.npmjs.org/@vercel%2fkoa cache-miss
53 http fetch GET 200 https://registry.npmjs.org/chokidar 492ms (cache miss)
54 silly packumentCache full:https://registry.npmjs.org/chokidar set size:undefined disposed:false
55 silly fetch manifest @vercel/blob@2.8.0
56 silly packumentCache full:https://registry.npmjs.org/@vercel%2fblob cache-miss
57 http fetch GET 200 https://registry.npmjs.org/jose 698ms (cache miss)
58 silly packumentCache full:https://registry.npmjs.org/jose set size:undefined disposed:false
59 silly fetch manifest @vercel/hono@0.2.118
60 silly packumentCache full:https://registry.npmjs.org/@vercel%2fhono cache-miss
61 http fetch GET 200 https://registry.npmjs.org/undici 713ms (cache miss)
62 silly packumentCache full:https://registry.npmjs.org/undici set size:undefined disposed:false
63 silly fetch manifest @vercel/next@4.21.6
64 silly packumentCache full:https://registry.npmjs.org/@vercel%2fnext cache-miss
65 http fetch GET 200 https://registry.npmjs.org/sandbox 736ms (cache miss)
66 silly packumentCache full:https://registry.npmjs.org/sandbox set size:undefined disposed:false
67 silly fetch manifest @vercel/node@5.10.1
68 silly packumentCache full:https://registry.npmjs.org/@vercel%2fnode cache-miss
69 http fetch GET 200 https://registry.npmjs.org/uuid 767ms (cache miss)
70 silly packumentCache full:https://registry.npmjs.org/uuid set size:undefined disposed:false
71 silly fetch manifest @vercel/ruby@2.5.1
72 silly packumentCache full:https://registry.npmjs.org/@vercel%2fruby cache-miss
73 http fetch GET 200 https://registry.npmjs.org/@vercel%2fkoa 380ms (cache miss)
74 silly packumentCache full:https://registry.npmjs.org/@vercel%2fkoa set size:undefined disposed:false
75 silly fetch manifest @vercel/rust@1.4.2
76 silly packumentCache full:https://registry.npmjs.org/@vercel%2frust cache-miss
77 http fetch GET 200 https://registry.npmjs.org/luxon 901ms (cache miss)
78 silly packumentCache full:https://registry.npmjs.org/luxon set size:undefined disposed:false
79 silly fetch manifest jsonc-parser@3.3.1
80 silly packumentCache full:https://registry.npmjs.org/jsonc-parser cache-miss
81 http fetch GET 200 https://registry.npmjs.org/esbuild 911ms (cache miss)
82 silly packumentCache full:https://registry.npmjs.org/esbuild set size:undefined disposed:false
83 silly fetch manifest @vercel/elysia@0.1.115
84 silly packumentCache full:https://registry.npmjs.org/@vercel%2felysia cache-miss
85 http fetch GET 200 https://registry.npmjs.org/@vercel%2ffun 623ms (cache miss)
86 silly packumentCache full:https://registry.npmjs.org/@vercel%2ffun set size:undefined disposed:false
87 silly fetch manifest @vercel/nestjs@0.2.119
88 silly packumentCache full:https://registry.npmjs.org/@vercel%2fnestjs cache-miss
89 http fetch GET 200 https://registry.npmjs.org/jsonc-parser 104ms (cache miss)
90 silly packumentCache full:https://registry.npmjs.org/jsonc-parser set size:undefined disposed:false
91 silly fetch manifest @vercel/python@6.57.1
92 silly packumentCache full:https://registry.npmjs.org/@vercel%2fpython cache-miss
93 http fetch GET 200 https://registry.npmjs.org/@vercel%2frust 333ms (cache miss)
94 silly packumentCache full:https://registry.npmjs.org/@vercel%2frust set size:undefined disposed:false
95 silly fetch manifest @vercel/express@0.1.129
96 silly packumentCache full:https://registry.npmjs.org/@vercel%2fexpress cache-miss
97 http fetch GET 200 https://registry.npmjs.org/@vercel%2fh3 1264ms (cache miss)
98 silly packumentCache full:https://registry.npmjs.org/@vercel%2fh3 set size:undefined disposed:false
99 silly fetch manifest @vercel/fastify@0.1.118
100 silly packumentCache full:https://registry.npmjs.org/@vercel%2ffastify cache-miss
101 http fetch GET 200 https://registry.npmjs.org/@vercel%2felysia 367ms (cache miss)
102 silly packumentCache full:https://registry.npmjs.org/@vercel%2felysia set size:undefined disposed:false
103 silly fetch manifest @vercel/redwood@2.5.2
104 silly packumentCache full:https://registry.npmjs.org/@vercel%2fredwood cache-miss
105 http fetch GET 200 https://registry.npmjs.org/@vercel%2fexpress 158ms (cache miss)
106 silly packumentCache full:https://registry.npmjs.org/@vercel%2fexpress set size:undefined disposed:false
107 silly fetch manifest @vercel/backends@0.8.38
108 silly packumentCache full:https://registry.npmjs.org/@vercel%2fbackends cache-miss
109 http fetch GET 200 https://registry.npmjs.org/@vercel%2fhono 655ms (cache miss)
110 silly packumentCache full:https://registry.npmjs.org/@vercel%2fhono set size:undefined disposed:false
111 silly fetch manifest @vercel/cli-auth@0.3.4
112 silly packumentCache full:https://registry.npmjs.org/@vercel%2fcli-auth cache-miss
113 http fetch GET 200 https://registry.npmjs.org/@vercel%2fgo 1421ms (cache miss)
114 silly packumentCache full:https://registry.npmjs.org/@vercel%2fgo set size:undefined disposed:false
115 silly fetch manifest @vercel/hydrogen@1.4.2
116 silly packumentCache full:https://registry.npmjs.org/@vercel%2fhydrogen cache-miss
117 http fetch GET 200 https://registry.npmjs.org/@vercel%2fbackends 138ms (cache miss)
118 silly packumentCache full:https://registry.npmjs.org/@vercel%2fbackends set size:undefined disposed:false
119 silly fetch manifest @vercel/container@0.2.0
120 silly packumentCache full:https://registry.npmjs.org/@vercel%2fcontainer cache-miss
121 http fetch GET 200 https://registry.npmjs.org/@vercel%2fblob 998ms (cache miss)
122 silly packumentCache full:https://registry.npmjs.org/@vercel%2fblob set size:undefined disposed:false
123 silly fetch manifest @vercel/cli-config@0.2.3
124 silly packumentCache full:https://registry.npmjs.org/@vercel%2fcli-config cache-miss
125 http fetch GET 200 https://registry.npmjs.org/@vercel%2fnode 838ms (cache miss)
126 silly packumentCache full:https://registry.npmjs.org/@vercel%2fnode set size:undefined disposed:false
127 silly fetch manifest @vercel/build-utils@14.1.1
128 silly packumentCache full:https://registry.npmjs.org/@vercel%2fbuild-utils cache-miss
129 http fetch GET 200 https://registry.npmjs.org/@vercel%2fcontainer 112ms (cache miss)
130 silly packumentCache full:https://registry.npmjs.org/@vercel%2fcontainer set size:undefined disposed:false
131 silly fetch manifest @vercel/detect-agent@1.2.5
132 silly packumentCache full:https://registry.npmjs.org/@vercel%2fdetect-agent cache-miss
133 http fetch GET 200 https://registry.npmjs.org/@vercel%2fnestjs 644ms (cache miss)
134 silly packumentCache full:https://registry.npmjs.org/@vercel%2fnestjs set size:undefined disposed:false
135 silly fetch manifest @vercel/static-build@2.12.7
136 silly packumentCache full:https://registry.npmjs.org/@vercel%2fstatic-build cache-miss
137 http fetch GET 200 https://registry.npmjs.org/@vercel%2fredwood 471ms (cache miss)
138 silly packumentCache full:https://registry.npmjs.org/@vercel%2fredwood set size:undefined disposed:false
139 silly fetch manifest @vercel/remix-builder@5.9.5
140 silly packumentCache full:https://registry.npmjs.org/@vercel%2fremix-builder cache-miss
141 http fetch GET 200 https://registry.npmjs.org/@vercel%2fruby 1086ms (cache miss)
142 silly packumentCache full:https://registry.npmjs.org/@vercel%2fruby set size:undefined disposed:false
143 silly fetch manifest @vercel/python-analysis@0.13.2
144 silly packumentCache full:https://registry.npmjs.org/@vercel%2fpython-analysis cache-miss
145 http fetch GET 200 https://registry.npmjs.org/@vercel%2fnext 1201ms (cache miss)
146 silly packumentCache full:https://registry.npmjs.org/@vercel%2fnext set size:undefined disposed:false
147 silly fetch manifest @vercel/prepare-flags-definitions@0.3.0
148 silly packumentCache full:https://registry.npmjs.org/@vercel%2fprepare-flags-definitions cache-miss
149 http fetch GET 200 https://registry.npmjs.org/@vercel%2fremix-builder 198ms (cache miss)
150 silly packumentCache full:https://registry.npmjs.org/@vercel%2fremix-builder set size:undefined disposed:false
151 silly fetch manifest @vercel/vc-native-linux-x64@59.1.4
152 silly packumentCache full:https://registry.npmjs.org/@vercel%2fvc-native-linux-x64 cache-miss
153 http fetch GET 200 https://registry.npmjs.org/@vercel%2ffastify 741ms (cache miss)
154 silly packumentCache full:https://registry.npmjs.org/@vercel%2ffastify set size:undefined disposed:false
155 silly fetch manifest @vercel/vc-native-darwin-x64@59.1.4
156 silly packumentCache full:https://registry.npmjs.org/@vercel%2fvc-native-darwin-x64 cache-miss
157 http fetch GET 200 https://registry.npmjs.org/@vercel%2fpython 1055ms (cache miss)
158 silly packumentCache full:https://registry.npmjs.org/@vercel%2fpython set size:undefined disposed:false
159 silly fetch manifest @vercel/vc-native-linux-arm64@59.1.4
160 silly packumentCache full:https://registry.npmjs.org/@vercel%2fvc-native-linux-arm64 cache-miss
161 http fetch GET 200 https://registry.npmjs.org/@vercel%2fhydrogen 662ms (cache miss)
162 silly packumentCache full:https://registry.npmjs.org/@vercel%2fhydrogen set size:undefined disposed:false
163 silly fetch manifest @vercel/vc-native-darwin-arm64@59.1.4
164 silly packumentCache full:https://registry.npmjs.org/@vercel%2fvc-native-darwin-arm64 cache-miss
165 http fetch GET 200 https://registry.npmjs.org/@vercel%2fvc-native-linux-x64 142ms (cache miss)
166 silly packumentCache full:https://registry.npmjs.org/@vercel%2fvc-native-linux-x64 set size:undefined disposed:false
167 http fetch GET 200 https://registry.npmjs.org/@vercel%2fdetect-agent 541ms (cache miss)
168 silly packumentCache full:https://registry.npmjs.org/@vercel%2fdetect-agent set size:undefined disposed:false
169 http fetch GET 200 https://registry.npmjs.org/@vercel%2fcli-auth 1012ms (cache miss)
170 silly packumentCache full:https://registry.npmjs.org/@vercel%2fcli-auth set size:undefined disposed:false
171 http fetch GET 200 https://registry.npmjs.org/@vercel%2fstatic-build 829ms (cache miss)
172 silly packumentCache full:https://registry.npmjs.org/@vercel%2fstatic-build set size:undefined disposed:false
173 http fetch GET 200 https://registry.npmjs.org/@vercel%2fcli-config 990ms (cache miss)
174 silly packumentCache full:https://registry.npmjs.org/@vercel%2fcli-config set size:undefined disposed:false
175 http fetch GET 200 https://registry.npmjs.org/@vercel%2fpython-analysis 654ms (cache miss)
176 silly packumentCache full:https://registry.npmjs.org/@vercel%2fpython-analysis set size:undefined disposed:false
177 http fetch GET 200 https://registry.npmjs.org/@vercel%2fbuild-utils 1043ms (cache miss)
178 silly packumentCache full:https://registry.npmjs.org/@vercel%2fbuild-utils set size:undefined disposed:false
179 http fetch GET 200 https://registry.npmjs.org/@vercel%2fprepare-flags-definitions 844ms (cache miss)
180 silly packumentCache full:https://registry.npmjs.org/@vercel%2fprepare-flags-definitions set size:undefined disposed:false
181 http fetch GET 200 https://registry.npmjs.org/@vercel%2fvc-native-darwin-x64 873ms (cache miss)
182 silly packumentCache full:https://registry.npmjs.org/@vercel%2fvc-native-darwin-x64 set size:undefined disposed:false
183 http fetch GET 200 https://registry.npmjs.org/@vercel%2fvc-native-linux-arm64 887ms (cache miss)
184 silly packumentCache full:https://registry.npmjs.org/@vercel%2fvc-native-linux-arm64 set size:undefined disposed:false
185 http fetch GET 200 https://registry.npmjs.org/@vercel%2fvc-native-darwin-arm64 874ms (cache miss)
186 silly packumentCache full:https://registry.npmjs.org/@vercel%2fvc-native-darwin-arm64 set size:undefined disposed:false
187 silly placeDep ROOT @vercel/backends@0.8.38 OK for: vercel@59.1.4 want: 0.8.38
188 silly placeDep ROOT @vercel/blob@2.8.0 OK for: vercel@59.1.4 want: 2.8.0
189 silly placeDep ROOT @vercel/build-utils@14.1.1 OK for: vercel@59.1.4 want: 14.1.1
190 silly placeDep ROOT @vercel/cli-auth@0.3.4 OK for: vercel@59.1.4 want: 0.3.4
191 silly placeDep ROOT @vercel/cli-config@0.2.3 OK for: vercel@59.1.4 want: 0.2.3
192 silly placeDep ROOT @vercel/container@0.2.0 OK for: vercel@59.1.4 want: 0.2.0
193 silly placeDep ROOT @vercel/detect-agent@1.2.5 OK for: vercel@59.1.4 want: 1.2.5
194 silly placeDep ROOT @vercel/elysia@0.1.115 OK for: vercel@59.1.4 want: 0.1.115
195 silly placeDep ROOT @vercel/express@0.1.129 OK for: vercel@59.1.4 want: 0.1.129
196 silly placeDep ROOT @vercel/fastify@0.1.118 OK for: vercel@59.1.4 want: 0.1.118
197 silly placeDep ROOT @vercel/fun@1.3.0 OK for: vercel@59.1.4 want: 1.3.0
198 silly placeDep ROOT @vercel/go@3.11.0 OK for: vercel@59.1.4 want: 3.11.0
199 silly placeDep ROOT @vercel/h3@0.1.124 OK for: vercel@59.1.4 want: 0.1.124
200 silly placeDep ROOT @vercel/hono@0.2.118 OK for: vercel@59.1.4 want: 0.2.118
201 silly placeDep ROOT @vercel/hydrogen@1.4.2 OK for: vercel@59.1.4 want: 1.4.2
202 silly placeDep ROOT @vercel/koa@0.1.98 OK for: vercel@59.1.4 want: 0.1.98
203 silly placeDep ROOT @vercel/nestjs@0.2.119 OK for: vercel@59.1.4 want: 0.2.119
204 silly placeDep ROOT @vercel/next@4.21.6 OK for: vercel@59.1.4 want: 4.21.6
205 silly placeDep ROOT @vercel/node@5.10.1 OK for: vercel@59.1.4 want: 5.10.1
206 silly placeDep ROOT @vercel/prepare-flags-definitions@0.3.0 OK for: vercel@59.1.4 want: 0.3.0
207 silly placeDep ROOT @vercel/python@6.57.1 OK for: vercel@59.1.4 want: 6.57.1
208 silly placeDep ROOT @vercel/python-analysis@0.13.2 OK for: vercel@59.1.4 want: 0.13.2
209 silly placeDep ROOT @vercel/redwood@2.5.2 OK for: vercel@59.1.4 want: 2.5.2
210 silly placeDep ROOT @vercel/remix-builder@5.9.5 OK for: vercel@59.1.4 want: 5.9.5
211 silly placeDep ROOT @vercel/ruby@2.5.1 OK for: vercel@59.1.4 want: 2.5.1
212 silly placeDep ROOT @vercel/rust@1.4.2 OK for: vercel@59.1.4 want: 1.4.2
213 silly placeDep ROOT @vercel/static-build@2.12.7 OK for: vercel@59.1.4 want: 2.12.7
214 silly placeDep ROOT @vercel/vc-native-darwin-arm64@59.1.4 OK for: vercel@59.1.4 want: 59.1.4
215 silly placeDep ROOT @vercel/vc-native-darwin-x64@59.1.4 OK for: vercel@59.1.4 want: 59.1.4
216 silly placeDep ROOT @vercel/vc-native-linux-arm64@59.1.4 OK for: vercel@59.1.4 want: 59.1.4
217 silly placeDep ROOT @vercel/vc-native-linux-x64@59.1.4 OK for: vercel@59.1.4 want: 59.1.4
218 silly placeDep ROOT chokidar@4.0.0 OK for: vercel@59.1.4 want: 4.0.0
219 silly placeDep ROOT esbuild@0.27.0 OK for: vercel@59.1.4 want: 0.27.0
220 silly placeDep ROOT jose@5.9.6 OK for: vercel@59.1.4 want: 5.9.6
221 silly placeDep ROOT jsonc-parser@3.3.1 OK for: vercel@59.1.4 want: 3.3.1
222 silly placeDep ROOT luxon@3.7.2 OK for: vercel@59.1.4 want: ^3.4.0
223 silly placeDep ROOT sandbox@3.4.0 OK for: vercel@59.1.4 want: 3.4.0
224 silly placeDep ROOT smol-toml@1.5.2 OK for: vercel@59.1.4 want: 1.5.2
225 silly placeDep ROOT undici@5.29.0 OK for: vercel@59.1.4 want: 5.29.0
226 silly placeDep ROOT uuid@14.0.1 OK for: vercel@59.1.4 want: 14.0.1
227 silly placeDep ROOT zod@4.1.11 OK for: vercel@59.1.4 want: 4.1.11
228 silly fetch manifest tsx@4.21.0
229 silly packumentCache full:https://registry.npmjs.org/tsx cache-miss
230 silly fetch manifest zod@3.22.4
231 silly packumentCache full:https://registry.npmjs.org/zod cache-miss
232 silly fetch manifest srvx@0.11.16
233 silly packumentCache full:https://registry.npmjs.org/srvx cache-miss
234 silly fetch manifest execa@3.2.0
235 silly packumentCache full:https://registry.npmjs.org/execa cache-miss
236 silly fetch manifest fs-extra@11.1.0
237 silly packumentCache full:https://registry.npmjs.org/fs-extra cache-miss
238 silly fetch manifest get-port@5.1.1
239 silly packumentCache full:https://registry.npmjs.org/get-port cache-miss
240 silly fetch manifest rolldown@1.0.0-rc.1
241 silly packumentCache full:https://registry.npmjs.org/rolldown cache-miss
242 silly fetch manifest ts-morph@12.0.0
243 silly packumentCache full:https://registry.npmjs.org/ts-morph cache-miss
244 silly fetch manifest @vercel/nft@1.10.0
245 silly packumentCache full:https://registry.npmjs.org/@vercel%2fnft cache-miss
246 silly fetch manifest oxc-transform@0.111.0
247 silly packumentCache full:https://registry.npmjs.org/oxc-transform cache-miss
248 silly fetch manifest path-to-regexp@8.3.0
249 silly packumentCache full:https://registry.npmjs.org/path-to-regexp cache-miss
250 http cache https://registry.npmjs.org/zod 26ms (cache hit)
251 silly packumentCache full:https://registry.npmjs.org/zod set size:3858654 disposed:false
252 silly fetch manifest resolve.exports@2.0.3
253 silly packumentCache full:https://registry.npmjs.org/resolve.exports cache-miss
254 http fetch GET 200 https://registry.npmjs.org/execa 101ms (cache miss)
255 silly packumentCache full:https://registry.npmjs.org/execa set size:undefined disposed:false
256 silly fetch manifest @vercel/static-config@3.4.1
257 silly packumentCache full:https://registry.npmjs.org/@vercel%2fstatic-config cache-miss
258 http fetch GET 200 https://registry.npmjs.org/get-port 135ms (cache miss)
259 silly packumentCache full:https://registry.npmjs.org/get-port set size:undefined disposed:false
260 silly fetch manifest undici@^6.23.0
261 silly packumentCache full:https://registry.npmjs.org/undici cache-miss
262 http cache https://registry.npmjs.org/undici 8ms (cache hit)
263 silly packumentCache full:https://registry.npmjs.org/undici set size:1531430 disposed:false
264 silly fetch manifest is-buffer@^2.0.5
265 silly packumentCache full:https://registry.npmjs.org/is-buffer cache-miss
266 http fetch GET 200 https://registry.npmjs.org/fs-extra 165ms (cache miss)
267 silly packumentCache full:https://registry.npmjs.org/fs-extra set size:undefined disposed:false
268 silly fetch manifest throttleit@^2.1.0
269 silly packumentCache full:https://registry.npmjs.org/throttleit cache-miss
270 http fetch GET 200 https://registry.npmjs.org/tsx 185ms (cache miss)
271 silly packumentCache full:https://registry.npmjs.org/tsx set size:undefined disposed:false
272 silly fetch manifest async-retry@^1.3.3
273 silly packumentCache full:https://registry.npmjs.org/async-retry cache-miss
274 http fetch GET 200 https://registry.npmjs.org/path-to-regexp 188ms (cache miss)
275 silly packumentCache full:https://registry.npmjs.org/path-to-regexp set size:undefined disposed:false
276 silly fetch manifest @vercel/oidc@^3.6.1
277 silly packumentCache full:https://registry.npmjs.org/@vercel%2foidc cache-miss
278 http fetch GET 200 https://registry.npmjs.org/@vercel%2fstatic-config 102ms (cache miss)
279 silly packumentCache full:https://registry.npmjs.org/@vercel%2fstatic-config set size:undefined disposed:false
280 silly fetch manifest is-node-process@^1.2.0
281 silly packumentCache full:https://registry.npmjs.org/is-node-process cache-miss
282 http fetch GET 200 https://registry.npmjs.org/async-retry 104ms (cache miss)
283 silly packumentCache full:https://registry.npmjs.org/async-retry set size:undefined disposed:false
284 silly fetch manifest es-module-lexer@1.5.0
285 silly packumentCache full:https://registry.npmjs.org/es-module-lexer cache-miss
286 http fetch GET 200 https://registry.npmjs.org/is-node-process 88ms (cache miss)
287 silly packumentCache full:https://registry.npmjs.org/is-node-process set size:undefined disposed:false
288 silly fetch manifest cjs-module-lexer@1.2.3
289 silly packumentCache full:https://registry.npmjs.org/cjs-module-lexer cache-miss
290 http fetch GET 200 https://registry.npmjs.org/srvx 370ms (cache miss)
291 silly packumentCache full:https://registry.npmjs.org/srvx set size:undefined disposed:false
292 silly fetch manifest open@8.4.0
293 silly packumentCache full:https://registry.npmjs.org/open cache-miss
294 http fetch GET 200 https://registry.npmjs.org/oxc-transform 382ms (cache miss)
295 silly packumentCache full:https://registry.npmjs.org/oxc-transform set size:undefined disposed:false
296 silly fetch manifest async-listen@3.0.0
297 silly packumentCache full:https://registry.npmjs.org/async-listen cache-miss
298 http fetch GET 200 https://registry.npmjs.org/resolve.exports 366ms (cache miss)
299 silly packumentCache full:https://registry.npmjs.org/resolve.exports set size:undefined disposed:false
300 silly fetch manifest @napi-rs/keyring@1.2.0
301 silly packumentCache full:https://registry.npmjs.org/@napi-rs%2fkeyring cache-miss
302 http fetch GET 200 https://registry.npmjs.org/ts-morph 443ms (cache miss)
303 silly packumentCache full:https://registry.npmjs.org/ts-morph set size:undefined disposed:false
304 silly fetch manifest xdg-app-paths@5
305 silly packumentCache full:https://registry.npmjs.org/xdg-app-paths cache-miss
306 http fetch GET 200 https://registry.npmjs.org/cjs-module-lexer 160ms (cache miss)
307 silly packumentCache full:https://registry.npmjs.org/cjs-module-lexer set size:undefined disposed:false
308 silly fetch manifest @vercel/nft@1.10.0
309 silly packumentCache full:https://registry.npmjs.org/@vercel%2fnft cache-miss
310 http fetch GET 200 https://registry.npmjs.org/es-module-lexer 214ms (cache miss)
311 silly packumentCache full:https://registry.npmjs.org/es-module-lexer set size:undefined disposed:false
312 silly fetch manifest @vercel/cervel@0.1.46
313 silly packumentCache full:https://registry.npmjs.org/@vercel%2fcervel cache-miss
314 http fetch GET 200 https://registry.npmjs.org/open 192ms (cache miss)
315 silly packumentCache full:https://registry.npmjs.org/open set size:undefined disposed:false
316 silly fetch manifest ms@2.1.1
317 silly packumentCache full:https://registry.npmjs.org/ms cache-miss
318 http fetch GET 200 https://registry.npmjs.org/throttleit 400ms (cache miss)
319 silly packumentCache full:https://registry.npmjs.org/throttleit set size:undefined disposed:false
320 silly fetch manifest tar@7.5.7
321 silly packumentCache full:https://registry.npmjs.org/tar cache-miss
322 http fetch GET 200 https://registry.npmjs.org/is-buffer 417ms (cache miss)
323 silly packumentCache full:https://registry.npmjs.org/is-buffer set size:undefined disposed:false
324 silly fetch manifest debug@4.3.4
325 silly packumentCache full:https://registry.npmjs.org/debug cache-miss
326 http fetch GET 200 https://registry.npmjs.org/@vercel%2fnft 166ms (cache miss)
327 silly packumentCache full:https://registry.npmjs.org/@vercel%2fnft set size:undefined disposed:false
328 silly fetch manifest micro@9.3.5-canary.3
329 silly packumentCache full:https://registry.npmjs.org/micro cache-miss
330 http fetch GET 200 https://registry.npmjs.org/rolldown 637ms (cache miss)
331 silly packumentCache full:https://registry.npmjs.org/rolldown set size:undefined disposed:false
332 silly fetch manifest semver@7.5.4
333 silly packumentCache full:https://registry.npmjs.org/semver cache-miss
334 http fetch GET 200 https://registry.npmjs.org/@vercel%2fcervel 168ms (cache miss)
335 silly packumentCache full:https://registry.npmjs.org/@vercel%2fcervel set size:undefined disposed:false
336 silly fetch manifest tinyexec@0.3.2
337 silly packumentCache full:https://registry.npmjs.org/tinyexec cache-miss
338 http fetch GET 200 https://registry.npmjs.org/ms 118ms (cache miss)
339 silly packumentCache full:https://registry.npmjs.org/ms set size:undefined disposed:false
340 silly fetch manifest stat-mode@0.3.0
341 silly packumentCache full:https://registry.npmjs.org/stat-mode cache-miss
342 http fetch GET 200 https://registry.npmjs.org/debug 136ms (cache miss)
343 silly packumentCache full:https://registry.npmjs.org/debug set size:undefined disposed:false
344 silly fetch manifest tree-kill@1.2.2
345 silly packumentCache full:https://registry.npmjs.org/tree-kill cache-miss
346 http fetch GET 200 https://registry.npmjs.org/tar 169ms (cache miss)
347 silly packumentCache full:https://registry.npmjs.org/tar set size:undefined disposed:false
348 silly fetch manifest node-fetch@2.6.7
349 silly packumentCache full:https://registry.npmjs.org/node-fetch cache-miss
350 http fetch GET 200 https://registry.npmjs.org/async-listen 364ms (cache miss)
351 silly packumentCache full:https://registry.npmjs.org/async-listen set size:undefined disposed:false
352 silly fetch manifest promisepipe@3.0.0
353 silly packumentCache full:https://registry.npmjs.org/promisepipe cache-miss
354 http fetch GET 200 https://registry.npmjs.org/micro 125ms (cache miss)
355 silly packumentCache full:https://registry.npmjs.org/micro set size:undefined disposed:false
356 silly fetch manifest uid-promise@1.0.0
357 silly packumentCache full:https://registry.npmjs.org/uid-promise cache-miss
358 http fetch GET 200 https://registry.npmjs.org/tinyexec 90ms (cache miss)
359 silly packumentCache full:https://registry.npmjs.org/tinyexec set size:undefined disposed:false
360 silly fetch manifest async-listen@1.2.0
361 silly packumentCache full:https://registry.npmjs.org/async-listen cache-miss
362 http fetch GET 200 https://registry.npmjs.org/semver 124ms (cache revalidated)
363 silly packumentCache full:https://registry.npmjs.org/semver set size:246069 disposed:false
364 silly fetch manifest generic-pool@3.4.2
365 silly packumentCache full:https://registry.npmjs.org/generic-pool cache-miss
366 http cache https://registry.npmjs.org/async-listen 12ms (cache hit)
367 silly packumentCache full:https://registry.npmjs.org/async-listen set size:27933 disposed:false
368 silly fetch manifest xdg-app-paths@5.1.0
369 silly packumentCache full:https://registry.npmjs.org/xdg-app-paths cache-miss
370 http fetch GET 200 https://registry.npmjs.org/@vercel%2foidc 613ms (cache miss)
371 silly packumentCache full:https://registry.npmjs.org/@vercel%2foidc set size:undefined disposed:false
372 silly fetch manifest yauzl-promise@2.1.3
373 silly packumentCache full:https://registry.npmjs.org/yauzl-promise cache-miss
374 http fetch GET 200 https://registry.npmjs.org/xdg-app-paths 366ms (cache miss)
375 silly packumentCache full:https://registry.npmjs.org/xdg-app-paths set size:undefined disposed:false
376 silly fetch manifest path-to-regexp@8.2.0
377 silly packumentCache full:https://registry.npmjs.org/path-to-regexp cache-miss
378 http fetch GET 200 https://registry.npmjs.org/tree-kill 109ms (cache miss)
379 silly packumentCache full:https://registry.npmjs.org/tree-kill set size:undefined disposed:false
380 silly fetch manifest @tootallnate/once@2.0.0
381 silly packumentCache full:https://registry.npmjs.org/@tootallnate%2fonce cache-miss
382 http cache https://registry.npmjs.org/path-to-regexp 6ms (cache hit)
383 silly packumentCache full:https://registry.npmjs.org/path-to-regexp set size:216334 disposed:false
384 silly fetch manifest stream-to-promise@2.2.0
385 silly packumentCache full:https://registry.npmjs.org/stream-to-promise cache-miss
386 http fetch GET 200 https://registry.npmjs.org/uid-promise 91ms (cache miss)
387 silly packumentCache full:https://registry.npmjs.org/uid-promise set size:undefined disposed:false
388 silly fetch manifest etag@1.8.1
389 silly packumentCache full:https://registry.npmjs.org/etag cache-miss
390 http fetch GET 200 https://registry.npmjs.org/generic-pool 131ms (cache miss)
391 silly packumentCache full:https://registry.npmjs.org/generic-pool set size:undefined disposed:false
392 silly fetch manifest undici@5.28.4
393 silly packumentCache full:https://registry.npmjs.org/undici cache-miss
394 http cache https://registry.npmjs.org/undici 7ms (cache hit)
395 silly packumentCache full:https://registry.npmjs.org/undici set size:1531430 disposed:false
396 silly fetch manifest mime-types@2.1.35
397 silly packumentCache full:https://registry.npmjs.org/mime-types cache-miss
398 http fetch GET 200 https://registry.npmjs.org/node-fetch 198ms (cache miss)
399 silly packumentCache full:https://registry.npmjs.org/node-fetch set size:undefined disposed:false
400 silly fetch manifest node-fetch@2.6.9
401 silly packumentCache full:https://registry.npmjs.org/node-fetch cache-miss
402 http cache https://registry.npmjs.org/node-fetch 18ms (cache hit)
403 silly packumentCache full:https://registry.npmjs.org/node-fetch set size:896010 disposed:false
404 silly fetch manifest typescript@npm:typescript@5.9.3
405 silly packumentCache full:https://registry.npmjs.org/typescript cache-miss
406 http fetch GET 200 https://registry.npmjs.org/xdg-app-paths 187ms (cache miss)
407 silly packumentCache full:https://registry.npmjs.org/xdg-app-paths set size:undefined disposed:false
408 silly fetch manifest @types/node@20.11.0
409 silly packumentCache full:https://registry.npmjs.org/@types%2fnode cache-miss
410 http fetch GET 200 https://registry.npmjs.org/etag 123ms (cache miss)
411 silly packumentCache full:https://registry.npmjs.org/etag set size:undefined disposed:false
412 silly fetch manifest edge-runtime@2.5.9
413 silly packumentCache full:https://registry.npmjs.org/edge-runtime cache-miss
414 http fetch GET 200 https://registry.npmjs.org/stat-mode 334ms (cache miss)
415 silly packumentCache full:https://registry.npmjs.org/stat-mode set size:undefined disposed:false
416 silly fetch manifest path-to-regexp@6.1.0
417 silly packumentCache full:https://registry.npmjs.org/path-to-regexp cache-hit
418 silly fetch manifest es-module-lexer@1.4.1
419 silly packumentCache full:https://registry.npmjs.org/es-module-lexer cache-miss
420 http cache https://registry.npmjs.org/es-module-lexer 8ms (cache hit)
421 silly packumentCache full:https://registry.npmjs.org/es-module-lexer set size:214894 disposed:false
422 silly fetch manifest @edge-runtime/vm@3.2.0
423 silly packumentCache full:https://registry.npmjs.org/@edge-runtime%2fvm cache-miss
424 http fetch GET 200 https://registry.npmjs.org/mime-types 103ms (cache miss)
425 silly packumentCache full:https://registry.npmjs.org/mime-types set size:undefined disposed:false
426 silly fetch manifest @vercel/error-utils@2.2.1
427 silly packumentCache full:https://registry.npmjs.org/@vercel%2ferror-utils cache-miss
428 http fetch GET 200 https://registry.npmjs.org/typescript 120ms (cache revalidated)
429 silly packumentCache full:https://registry.npmjs.org/typescript set size:15568374 disposed:false
430 silly fetch manifest path-to-regexp-updated@npm:path-to-regexp@6.3.0
431 silly packumentCache full:https://registry.npmjs.org/path-to-regexp cache-hit
432 silly fetch manifest @edge-runtime/node-utils@2.3.0
433 silly packumentCache full:https://registry.npmjs.org/@edge-runtime%2fnode-utils cache-miss
434 http fetch GET 200 https://registry.npmjs.org/promisepipe 419ms (cache miss)
435 silly packumentCache full:https://registry.npmjs.org/promisepipe set size:undefined disposed:false
436 silly fetch manifest @edge-runtime/primitives@4.1.0
437 silly packumentCache full:https://registry.npmjs.org/@edge-runtime%2fprimitives cache-miss
438 http fetch GET 200 https://registry.npmjs.org/@vercel%2ferror-utils 136ms (cache miss)
439 silly packumentCache full:https://registry.npmjs.org/@vercel%2ferror-utils set size:undefined disposed:false
440 silly fetch manifest js-yaml@4.1.1
441 silly packumentCache full:https://registry.npmjs.org/js-yaml cache-miss
442 http fetch GET 200 https://registry.npmjs.org/@types%2fnode 218ms (cache revalidated)
443 silly packumentCache full:https://registry.npmjs.org/@types%2fnode set size:11088606 disposed:false
444 silly fetch manifest fs-extra@11.1.1
445 silly packumentCache full:https://registry.npmjs.org/fs-extra cache-miss
446 http fetch GET 200 https://registry.npmjs.org/stream-to-promise 403ms (cache miss)
447 silly packumentCache full:https://registry.npmjs.org/stream-to-promise set size:undefined disposed:false
448 silly fetch manifest minimatch@10.1.1
449 silly packumentCache full:https://registry.npmjs.org/minimatch cache-miss
450 http fetch GET 200 https://registry.npmjs.org/yauzl-promise 429ms (cache miss)
451 silly packumentCache full:https://registry.npmjs.org/yauzl-promise set size:undefined disposed:false
452 silly fetch manifest @renovatebot/pep440@4.2.1
453 silly packumentCache full:https://registry.npmjs.org/@renovatebot%2fpep440 cache-miss
454 http cache https://registry.npmjs.org/fs-extra 12ms (cache hit)
455 silly packumentCache full:https://registry.npmjs.org/fs-extra set size:239581 disposed:false
456 silly fetch manifest @bytecodealliance/preview2-shim@0.17.6
457 silly packumentCache full:https://registry.npmjs.org/@bytecodealliance%2fpreview2-shim cache-miss
458 http fetch GET 200 https://registry.npmjs.org/@tootallnate%2fonce 426ms (cache miss)
459 silly packumentCache full:https://registry.npmjs.org/@tootallnate%2fonce set size:undefined disposed:false
460 silly fetch manifest semver@6.3.1
461 silly packumentCache full:https://registry.npmjs.org/semver cache-hit
462 silly fetch manifest execa@5
463 silly packumentCache full:https://registry.npmjs.org/execa cache-miss
464 http fetch GET 200 https://registry.npmjs.org/@edge-runtime%2fnode-utils 108ms (cache miss)
465 silly packumentCache full:https://registry.npmjs.org/@edge-runtime%2fnode-utils set size:undefined disposed:false
466 silly fetch manifest @vercel/gatsby-plugin-vercel-builder@2.2.41
467 silly packumentCache full:https://registry.npmjs.org/@vercel%2fgatsby-plugin-vercel-builder cache-miss
468 http cache https://registry.npmjs.org/execa 7ms (cache hit)
469 silly packumentCache full:https://registry.npmjs.org/execa set size:188760 disposed:false
470 silly fetch manifest @vercel/gatsby-plugin-vercel-analytics@1.0.12
471 silly packumentCache full:https://registry.npmjs.org/@vercel%2fgatsby-plugin-vercel-analytics cache-miss
472 http fetch GET 200 https://registry.npmjs.org/@napi-rs%2fkeyring 859ms (cache miss)
473 silly packumentCache full:https://registry.npmjs.org/@napi-rs%2fkeyring set size:undefined disposed:false
474 silly fetch manifest readdirp@^4.0.1
475 silly packumentCache full:https://registry.npmjs.org/readdirp cache-miss
476 http fetch GET 200 https://registry.npmjs.org/@vercel%2fnft 1322ms (cache miss)
477 silly packumentCache full:https://registry.npmjs.org/@vercel%2fnft set size:undefined disposed:false
478 silly fetch manifest @esbuild/aix-ppc64@0.27.0
479 silly packumentCache full:https://registry.npmjs.org/@esbuild%2faix-ppc64 cache-miss
480 http fetch GET 200 https://registry.npmjs.org/minimatch 205ms (cache miss)
481 silly packumentCache full:https://registry.npmjs.org/minimatch set size:undefined disposed:false
482 silly fetch manifest @esbuild/linux-arm@0.27.0
483 silly packumentCache full:https://registry.npmjs.org/@esbuild%2flinux-arm cache-miss
484 http fetch GET 200 https://registry.npmjs.org/@vercel%2fgatsby-plugin-vercel-analytics 182ms (cache miss)
485 silly packumentCache full:https://registry.npmjs.org/@vercel%2fgatsby-plugin-vercel-analytics set size:undefined disposed:false
486 silly fetch manifest @esbuild/linux-x64@0.27.0
487 silly packumentCache full:https://registry.npmjs.org/@esbuild%2flinux-x64 cache-miss
488 http fetch GET 200 https://registry.npmjs.org/edge-runtime 533ms (cache miss)
489 silly packumentCache full:https://registry.npmjs.org/edge-runtime set size:undefined disposed:false
490 silly fetch manifest @esbuild/sunos-x64@0.27.0
491 silly packumentCache full:https://registry.npmjs.org/@esbuild%2fsunos-x64 cache-miss
492 http fetch GET 200 https://registry.npmjs.org/readdirp 249ms (cache miss)
493 silly packumentCache full:https://registry.npmjs.org/readdirp set size:undefined disposed:false
494 silly fetch manifest @esbuild/win32-x64@0.27.0
495 silly packumentCache full:https://registry.npmjs.org/@esbuild%2fwin32-x64 cache-miss
496 http fetch GET 200 https://registry.npmjs.org/@edge-runtime%2fvm 562ms (cache miss)
497 silly packumentCache full:https://registry.npmjs.org/@edge-runtime%2fvm set size:undefined disposed:false
498 silly fetch manifest @esbuild/darwin-x64@0.27.0
499 silly packumentCache full:https://registry.npmjs.org/@esbuild%2fdarwin-x64 cache-miss
500 http fetch GET 200 https://registry.npmjs.org/@esbuild%2faix-ppc64 273ms (cache miss)
501 silly packumentCache full:https://registry.npmjs.org/@esbuild%2faix-ppc64 set size:undefined disposed:false
502 silly fetch manifest @esbuild/linux-ia32@0.27.0
503 silly packumentCache full:https://registry.npmjs.org/@esbuild%2flinux-ia32 cache-miss
504 http fetch GET 200 https://registry.npmjs.org/@esbuild%2flinux-x64 222ms (cache miss)
505 silly packumentCache full:https://registry.npmjs.org/@esbuild%2flinux-x64 set size:undefined disposed:false
506 silly fetch manifest @esbuild/netbsd-x64@0.27.0
507 silly packumentCache full:https://registry.npmjs.org/@esbuild%2fnetbsd-x64 cache-miss
508 http fetch GET 200 https://registry.npmjs.org/@esbuild%2flinux-arm 238ms (cache miss)
509 silly packumentCache full:https://registry.npmjs.org/@esbuild%2flinux-arm set size:undefined disposed:false
510 silly fetch manifest @esbuild/win32-ia32@0.27.0
511 silly packumentCache full:https://registry.npmjs.org/@esbuild%2fwin32-ia32 cache-miss
512 http fetch GET 200 https://registry.npmjs.org/js-yaml 517ms (cache miss)
513 silly packumentCache full:https://registry.npmjs.org/js-yaml set size:undefined disposed:false
514 silly fetch manifest @esbuild/android-arm@0.27.0
515 silly packumentCache full:https://registry.npmjs.org/@esbuild%2fandroid-arm cache-miss
516 http fetch GET 200 https://registry.npmjs.org/@esbuild%2fwin32-x64 228ms (cache miss)
517 silly packumentCache full:https://registry.npmjs.org/@esbuild%2fwin32-x64 set size:undefined disposed:false
518 silly fetch manifest @esbuild/android-x64@0.27.0
519 silly packumentCache full:https://registry.npmjs.org/@esbuild%2fandroid-x64 cache-miss
520 http fetch GET 200 https://registry.npmjs.org/@esbuild%2fdarwin-x64 167ms (cache miss)
521 silly packumentCache full:https://registry.npmjs.org/@esbuild%2fdarwin-x64 set size:undefined disposed:false
522 silly fetch manifest @esbuild/freebsd-x64@0.27.0
523 silly packumentCache full:https://registry.npmjs.org/@esbuild%2ffreebsd-x64 cache-miss
524 http fetch GET 200 https://registry.npmjs.org/@esbuild%2fnetbsd-x64 146ms (cache miss)
525 silly packumentCache full:https://registry.npmjs.org/@esbuild%2fnetbsd-x64 set size:undefined disposed:false
526 silly fetch manifest @esbuild/linux-arm64@0.27.0
527 silly packumentCache full:https://registry.npmjs.org/@esbuild%2flinux-arm64 cache-miss
528 http fetch GET 200 https://registry.npmjs.org/@esbuild%2flinux-ia32 231ms (cache miss)
529 silly packumentCache full:https://registry.npmjs.org/@esbuild%2flinux-ia32 set size:undefined disposed:false
530 silly fetch manifest @esbuild/linux-ppc64@0.27.0
531 silly packumentCache full:https://registry.npmjs.org/@esbuild%2flinux-ppc64 cache-miss
532 http fetch GET 200 https://registry.npmjs.org/@esbuild%2fwin32-ia32 198ms (cache miss)
533 silly packumentCache full:https://registry.npmjs.org/@esbuild%2fwin32-ia32 set size:undefined disposed:false
534 silly fetch manifest @esbuild/linux-s390x@0.27.0
535 silly packumentCache full:https://registry.npmjs.org/@esbuild%2flinux-s390x cache-miss
536 http fetch GET 200 https://registry.npmjs.org/@esbuild%2fandroid-arm 278ms (cache miss)
537 silly packumentCache full:https://registry.npmjs.org/@esbuild%2fandroid-arm set size:undefined disposed:false
538 silly fetch manifest @esbuild/openbsd-x64@0.27.0
539 silly packumentCache full:https://registry.npmjs.org/@esbuild%2fopenbsd-x64 cache-miss
540 http fetch GET 200 https://registry.npmjs.org/@esbuild%2fandroid-x64 231ms (cache miss)
541 silly packumentCache full:https://registry.npmjs.org/@esbuild%2fandroid-x64 set size:undefined disposed:false
542 silly fetch manifest @esbuild/win32-arm64@0.27.0
543 silly packumentCache full:https://registry.npmjs.org/@esbuild%2fwin32-arm64 cache-miss
544 http fetch GET 200 https://registry.npmjs.org/@esbuild%2ffreebsd-x64 283ms (cache miss)
545 silly packumentCache full:https://registry.npmjs.org/@esbuild%2ffreebsd-x64 set size:undefined disposed:false
546 silly fetch manifest @esbuild/darwin-arm64@0.27.0
547 silly packumentCache full:https://registry.npmjs.org/@esbuild%2fdarwin-arm64 cache-miss
548 http fetch GET 200 https://registry.npmjs.org/@esbuild%2flinux-arm64 304ms (cache miss)
549 silly packumentCache full:https://registry.npmjs.org/@esbuild%2flinux-arm64 set size:undefined disposed:false
550 silly fetch manifest @esbuild/netbsd-arm64@0.27.0
551 silly packumentCache full:https://registry.npmjs.org/@esbuild%2fnetbsd-arm64 cache-miss
552 http fetch GET 200 https://registry.npmjs.org/@esbuild%2fsunos-x64 627ms (cache miss)
553 silly packumentCache full:https://registry.npmjs.org/@esbuild%2fsunos-x64 set size:undefined disposed:false
554 silly fetch manifest @esbuild/android-arm64@0.27.0
555 silly packumentCache full:https://registry.npmjs.org/@esbuild%2fandroid-arm64 cache-miss
556 http fetch GET 200 https://registry.npmjs.org/@vercel%2fgatsby-plugin-vercel-builder 922ms (cache miss)
557 silly packumentCache full:https://registry.npmjs.org/@vercel%2fgatsby-plugin-vercel-builder set size:undefined disposed:false
558 silly fetch manifest @esbuild/freebsd-arm64@0.27.0
559 silly packumentCache full:https://registry.npmjs.org/@esbuild%2ffreebsd-arm64 cache-miss
560 http fetch GET 200 https://registry.npmjs.org/@esbuild%2flinux-s390x 356ms (cache miss)
561 silly packumentCache full:https://registry.npmjs.org/@esbuild%2flinux-s390x set size:undefined disposed:false
562 silly fetch manifest @esbuild/linux-loong64@0.27.0
563 silly packumentCache full:https://registry.npmjs.org/@esbuild%2flinux-loong64 cache-miss
564 http fetch GET 200 https://registry.npmjs.org/@bytecodealliance%2fpreview2-shim 1004ms (cache miss)
565 silly packumentCache full:https://registry.npmjs.org/@bytecodealliance%2fpreview2-shim set size:undefined disposed:false
566 silly fetch manifest @esbuild/linux-riscv64@0.27.0
567 silly packumentCache full:https://registry.npmjs.org/@esbuild%2flinux-riscv64 cache-miss
568 http fetch GET 200 https://registry.npmjs.org/@renovatebot%2fpep440 1065ms (cache miss)
569 silly packumentCache full:https://registry.npmjs.org/@renovatebot%2fpep440 set size:undefined disposed:false
570 silly fetch manifest @esbuild/openbsd-arm64@0.27.0
571 silly packumentCache full:https://registry.npmjs.org/@esbuild%2fopenbsd-arm64 cache-miss
572 http fetch GET 200 https://registry.npmjs.org/@edge-runtime%2fprimitives 1140ms (cache miss)
573 silly packumentCache full:https://registry.npmjs.org/@edge-runtime%2fprimitives set size:undefined disposed:false
574 silly fetch manifest @esbuild/linux-mips64el@0.27.0
575 silly packumentCache full:https://registry.npmjs.org/@esbuild%2flinux-mips64el cache-miss
576 http fetch GET 200 https://registry.npmjs.org/@esbuild%2flinux-ppc64 497ms (cache miss)
577 silly packumentCache full:https://registry.npmjs.org/@esbuild%2flinux-ppc64 set size:undefined disposed:false
578 silly fetch manifest @esbuild/openharmony-arm64@0.27.0
579 silly packumentCache full:https://registry.npmjs.org/@esbuild%2fopenharmony-arm64 cache-miss
580 http fetch GET 200 https://registry.npmjs.org/@esbuild%2fopenbsd-x64 426ms (cache miss)
581 silly packumentCache full:https://registry.npmjs.org/@esbuild%2fopenbsd-x64 set size:undefined disposed:false
582 silly fetch manifest ws@^8.21.0
583 silly packumentCache full:https://registry.npmjs.org/ws cache-miss
584 http fetch GET 200 https://registry.npmjs.org/@esbuild%2fwin32-arm64 472ms (cache miss)
585 silly packumentCache full:https://registry.npmjs.org/@esbuild%2fwin32-arm64 set size:undefined disposed:false
586 silly fetch manifest zod@^4.1.1
587 silly packumentCache full:https://registry.npmjs.org/zod cache-miss
588 http fetch GET 200 https://registry.npmjs.org/@esbuild%2fnetbsd-arm64 345ms (cache miss)
589 silly packumentCache full:https://registry.npmjs.org/@esbuild%2fnetbsd-arm64 set size:undefined disposed:false
590 silly fetch manifest debug@^4.4.1
591 silly packumentCache full:https://registry.npmjs.org/debug cache-miss
592 http fetch GET 200 https://registry.npmjs.org/@esbuild%2fdarwin-arm64 420ms (cache miss)
593 silly packumentCache full:https://registry.npmjs.org/@esbuild%2fdarwin-arm64 set size:undefined disposed:false
594 silly fetch manifest async-retry@1.3.3
595 silly packumentCache full:https://registry.npmjs.org/async-retry cache-miss
596 http cache https://registry.npmjs.org/zod 23ms (cache hit)
597 silly packumentCache full:https://registry.npmjs.org/zod set size:3858654 disposed:false
598 silly fetch manifest @vercel/sandbox@2.4.0
599 silly packumentCache full:https://registry.npmjs.org/@vercel%2fsandbox cache-miss
600 http cache https://registry.npmjs.org/debug 35ms (cache hit)
601 silly packumentCache full:https://registry.npmjs.org/debug set size:195840 disposed:false
602 silly fetch manifest @fastify/busboy@^2.0.0
603 silly packumentCache full:https://registry.npmjs.org/@fastify%2fbusboy cache-miss
604 http cache https://registry.npmjs.org/async-retry 43ms (cache hit)
605 silly packumentCache full:https://registry.npmjs.org/async-retry set size:51916 disposed:false
606 http fetch GET 200 https://registry.npmjs.org/@esbuild%2ffreebsd-arm64 338ms (cache miss)
607 silly packumentCache full:https://registry.npmjs.org/@esbuild%2ffreebsd-arm64 set size:undefined disposed:false
608 http fetch GET 200 https://registry.npmjs.org/@esbuild%2flinux-loong64 302ms (cache miss)
609 silly packumentCache full:https://registry.npmjs.org/@esbuild%2flinux-loong64 set size:undefined disposed:false
610 http fetch GET 200 https://registry.npmjs.org/@esbuild%2flinux-riscv64 343ms (cache miss)
611 silly packumentCache full:https://registry.npmjs.org/@esbuild%2flinux-riscv64 set size:undefined disposed:false
612 http fetch GET 200 https://registry.npmjs.org/@esbuild%2fandroid-arm64 491ms (cache miss)
613 silly packumentCache full:https://registry.npmjs.org/@esbuild%2fandroid-arm64 set size:undefined disposed:false
614 http fetch GET 200 https://registry.npmjs.org/@esbuild%2fopenbsd-arm64 346ms (cache miss)
615 silly packumentCache full:https://registry.npmjs.org/@esbuild%2fopenbsd-arm64 set size:undefined disposed:false
616 http fetch GET 200 https://registry.npmjs.org/@esbuild%2fopenharmony-arm64 312ms (cache miss)
617 silly packumentCache full:https://registry.npmjs.org/@esbuild%2fopenharmony-arm64 set size:undefined disposed:false
618 http fetch GET 200 https://registry.npmjs.org/ws 342ms (cache miss)
619 silly packumentCache full:https://registry.npmjs.org/ws set size:undefined disposed:false
620 http fetch GET 200 https://registry.npmjs.org/@esbuild%2flinux-mips64el 452ms (cache miss)
621 silly packumentCache full:https://registry.npmjs.org/@esbuild%2flinux-mips64el set size:undefined disposed:false
622 http fetch GET 200 https://registry.npmjs.org/@fastify%2fbusboy 406ms (cache miss)
623 silly packumentCache full:https://registry.npmjs.org/@fastify%2fbusboy set size:undefined disposed:false
624 http fetch GET 200 https://registry.npmjs.org/@vercel%2fsandbox 978ms (cache miss)
625 silly packumentCache full:https://registry.npmjs.org/@vercel%2fsandbox set size:undefined disposed:false
626 silly placeDep ROOT @vercel/nft@1.10.0 OK for: @vercel/backends@0.8.38 want: 1.10.0
627 silly placeDep ROOT @vercel/static-config@3.4.1 OK for: @vercel/backends@0.8.38 want: 3.4.1
628 silly placeDep ROOT execa@3.2.0 OK for: @vercel/backends@0.8.38 want: 3.2.0
629 silly placeDep ROOT fs-extra@11.1.0 OK for: @vercel/backends@0.8.38 want: 11.1.0
630 silly placeDep ROOT get-port@5.1.1 OK for: @vercel/backends@0.8.38 want: 5.1.1
631 silly placeDep ROOT oxc-transform@0.111.0 OK for: @vercel/backends@0.8.38 want: 0.111.0
632 silly placeDep ROOT path-to-regexp@8.3.0 OK for: @vercel/backends@0.8.38 want: 8.3.0
633 silly placeDep ROOT resolve.exports@2.0.3 OK for: @vercel/backends@0.8.38 want: 2.0.3
634 silly placeDep ROOT rolldown@1.0.0-rc.1 OK for: @vercel/backends@0.8.38 want: 1.0.0-rc.1
635 silly placeDep ROOT srvx@0.11.16 OK for: @vercel/backends@0.8.38 want: 0.11.16
636 silly placeDep ROOT ts-morph@12.0.0 OK for: @vercel/backends@0.8.38 want: 12.0.0
637 silly placeDep ROOT tsx@4.21.0 OK for: @vercel/backends@0.8.38 want: 4.21.0
638 silly placeDep node_modules/@vercel/backends zod@3.22.4 OK for: @vercel/backends@0.8.38 want: 3.22.4
639 silly fetch manifest glob@^13.0.0
640 silly packumentCache full:https://registry.npmjs.org/glob cache-miss
641 silly fetch manifest acorn@^8.6.0
642 silly packumentCache full:https://registry.npmjs.org/acorn cache-miss
643 silly fetch manifest bindings@^1.4.0
644 silly packumentCache full:https://registry.npmjs.org/bindings cache-miss
645 silly fetch manifest picomatch@^4.0.2
646 silly packumentCache full:https://registry.npmjs.org/picomatch cache-miss
647 silly fetch manifest async-sema@^3.1.1
648 silly packumentCache full:https://registry.npmjs.org/async-sema cache-miss
649 silly fetch manifest graceful-fs@^4.2.9
650 silly packumentCache full:https://registry.npmjs.org/graceful-fs cache-miss
651 silly fetch manifest resolve-from@^5.0.0
652 silly packumentCache full:https://registry.npmjs.org/resolve-from cache-miss
653 silly fetch manifest estree-walker@2.0.2
654 silly packumentCache full:https://registry.npmjs.org/estree-walker cache-miss
655 silly fetch manifest node-gyp-build@^4.2.2
656 silly packumentCache full:https://registry.npmjs.org/node-gyp-build cache-miss
657 silly fetch manifest @rollup/pluginutils@^5.1.3
658 silly packumentCache full:https://registry.npmjs.org/@rollup%2fpluginutils cache-miss
659 silly fetch manifest @mapbox/node-pre-gyp@^2.0.0
660 silly packumentCache full:https://registry.npmjs.org/@mapbox%2fnode-pre-gyp cache-miss
661 http fetch GET 200 https://registry.npmjs.org/async-sema 126ms (cache miss)
662 silly packumentCache full:https://registry.npmjs.org/async-sema set size:undefined disposed:false
663 silly fetch manifest acorn-import-attributes@^1.9.5
664 silly packumentCache full:https://registry.npmjs.org/acorn-import-attributes cache-miss
665 http fetch GET 200 https://registry.npmjs.org/bindings 149ms (cache miss)
666 silly packumentCache full:https://registry.npmjs.org/bindings set size:undefined disposed:false
667 silly fetch manifest ajv@8.6.3
668 silly packumentCache full:https://registry.npmjs.org/ajv cache-miss
669 http fetch GET 200 https://registry.npmjs.org/glob 161ms (cache miss)
670 silly packumentCache full:https://registry.npmjs.org/glob set size:undefined disposed:false
671 silly fetch manifest json-schema-to-ts@1.6.4
672 silly packumentCache full:https://registry.npmjs.org/json-schema-to-ts cache-miss
673 http fetch GET 200 https://registry.npmjs.org/@rollup%2fpluginutils 179ms (cache miss)
674 silly packumentCache full:https://registry.npmjs.org/@rollup%2fpluginutils set size:undefined disposed:false
675 silly fetch manifest onetime@^5.1.0
676 silly packumentCache full:https://registry.npmjs.org/onetime cache-miss
677 http fetch GET 200 https://registry.npmjs.org/picomatch 206ms (cache miss)
678 silly packumentCache full:https://registry.npmjs.org/picomatch set size:undefined disposed:false
679 silly fetch manifest is-stream@^2.0.0
680 silly packumentCache full:https://registry.npmjs.org/is-stream cache-miss
681 http fetch GET 200 https://registry.npmjs.org/resolve-from 207ms (cache miss)
682 silly packumentCache full:https://registry.npmjs.org/resolve-from set size:undefined disposed:false
683 silly fetch manifest p-finally@^2.0.0
684 silly packumentCache full:https://registry.npmjs.org/p-finally cache-miss
685 http fetch GET 200 https://registry.npmjs.org/graceful-fs 223ms (cache miss)
686 silly packumentCache full:https://registry.npmjs.org/graceful-fs set size:undefined disposed:false
687 silly fetch manifest get-stream@^5.0.0
688 silly packumentCache full:https://registry.npmjs.org/get-stream cache-miss
689 http fetch GET 200 https://registry.npmjs.org/estree-walker 225ms (cache miss)
690 silly packumentCache full:https://registry.npmjs.org/estree-walker set size:undefined disposed:false
691 silly fetch manifest cross-spawn@^7.0.0
692 silly packumentCache full:https://registry.npmjs.org/cross-spawn cache-miss
693 http fetch GET 200 https://registry.npmjs.org/@mapbox%2fnode-pre-gyp 235ms (cache miss)
694 silly packumentCache full:https://registry.npmjs.org/@mapbox%2fnode-pre-gyp set size:undefined disposed:false
695 silly fetch manifest signal-exit@^3.0.2
696 silly packumentCache full:https://registry.npmjs.org/signal-exit cache-miss
697 http fetch GET 200 https://registry.npmjs.org/acorn-import-attributes 113ms (cache miss)
698 silly packumentCache full:https://registry.npmjs.org/acorn-import-attributes set size:undefined disposed:false
699 silly fetch manifest merge-stream@^2.0.0
700 silly packumentCache full:https://registry.npmjs.org/merge-stream cache-miss
701 http fetch GET 200 https://registry.npmjs.org/json-schema-to-ts 132ms (cache miss)
702 silly packumentCache full:https://registry.npmjs.org/json-schema-to-ts set size:undefined disposed:false
703 silly fetch manifest npm-run-path@^4.0.0
704 silly packumentCache full:https://registry.npmjs.org/npm-run-path cache-miss
705 http fetch GET 200 https://registry.npmjs.org/onetime 145ms (cache miss)
706 silly packumentCache full:https://registry.npmjs.org/onetime set size:undefined disposed:false
707 silly fetch manifest human-signals@^1.1.1
708 silly packumentCache full:https://registry.npmjs.org/human-signals cache-miss
709 http fetch GET 200 https://registry.npmjs.org/is-stream 172ms (cache miss)
710 silly packumentCache full:https://registry.npmjs.org/is-stream set size:undefined disposed:false
711 silly fetch manifest strip-final-newline@^2.0.0
712 silly packumentCache full:https://registry.npmjs.org/strip-final-newline cache-miss
713 http fetch GET 200 https://registry.npmjs.org/ajv 246ms (cache miss)
714 silly packumentCache full:https://registry.npmjs.org/ajv set size:undefined disposed:false
715 silly fetch manifest jsonfile@^6.0.1
716 silly packumentCache full:https://registry.npmjs.org/jsonfile cache-miss
717 http fetch GET 200 https://registry.npmjs.org/merge-stream 169ms (cache miss)
718 silly packumentCache full:https://registry.npmjs.org/merge-stream set size:undefined disposed:false
719 silly fetch manifest graceful-fs@^4.2.0
720 silly packumentCache full:https://registry.npmjs.org/graceful-fs cache-miss
721 http cache https://registry.npmjs.org/graceful-fs 3ms (cache hit)
722 silly packumentCache full:https://registry.npmjs.org/graceful-fs set size:124285 disposed:false
723 silly fetch manifest universalify@^2.0.0
724 silly packumentCache full:https://registry.npmjs.org/universalify cache-miss
725 http fetch GET 200 https://registry.npmjs.org/node-gyp-build 430ms (cache miss)
726 silly packumentCache full:https://registry.npmjs.org/node-gyp-build set size:undefined disposed:false
727 silly fetch manifest @oxc-transform/binding-darwin-x64@0.111.0
728 silly packumentCache full:https://registry.npmjs.org/@oxc-transform%2fbinding-darwin-x64 cache-miss
729 http fetch GET 200 https://registry.npmjs.org/acorn 448ms (cache miss)
730 silly packumentCache full:https://registry.npmjs.org/acorn set size:undefined disposed:false
731 silly fetch manifest @oxc-transform/binding-freebsd-x64@0.111.0
732 silly packumentCache full:https://registry.npmjs.org/@oxc-transform%2fbinding-freebsd-x64 cache-miss
733 http fetch GET 200 https://registry.npmjs.org/signal-exit 235ms (cache miss)
734 silly packumentCache full:https://registry.npmjs.org/signal-exit set size:undefined disposed:false
735 silly fetch manifest @oxc-transform/binding-wasm32-wasi@0.111.0
736 silly packumentCache full:https://registry.npmjs.org/@oxc-transform%2fbinding-wasm32-wasi cache-miss
737 http fetch GET 200 https://registry.npmjs.org/npm-run-path 178ms (cache miss)
738 silly packumentCache full:https://registry.npmjs.org/npm-run-path set size:undefined disposed:false
739 silly fetch manifest @oxc-transform/binding-darwin-arm64@0.111.0
740 silly packumentCache full:https://registry.npmjs.org/@oxc-transform%2fbinding-darwin-arm64 cache-miss
741 http fetch GET 200 https://registry.npmjs.org/get-stream 255ms (cache miss)
742 silly packumentCache full:https://registry.npmjs.org/get-stream set size:undefined disposed:false
743 silly fetch manifest @oxc-transform/binding-android-arm64@0.111.0
744 silly packumentCache full:https://registry.npmjs.org/@oxc-transform%2fbinding-android-arm64 cache-miss
745 http fetch GET 200 https://registry.npmjs.org/human-signals 159ms (cache miss)
746 silly packumentCache full:https://registry.npmjs.org/human-signals set size:undefined disposed:false
747 silly fetch manifest @oxc-transform/binding-linux-x64-gnu@0.111.0
748 silly packumentCache full:https://registry.npmjs.org/@oxc-transform%2fbinding-linux-x64-gnu cache-miss
749 http fetch GET 200 https://registry.npmjs.org/cross-spawn 264ms (cache miss)
750 silly packumentCache full:https://registry.npmjs.org/cross-spawn set size:undefined disposed:false
751 silly fetch manifest @oxc-transform/binding-linux-x64-musl@0.111.0
752 silly packumentCache full:https://registry.npmjs.org/@oxc-transform%2fbinding-linux-x64-musl cache-miss
753 http fetch GET 200 https://registry.npmjs.org/universalify 98ms (cache miss)
754 silly packumentCache full:https://registry.npmjs.org/universalify set size:undefined disposed:false
755 silly fetch manifest @oxc-transform/binding-win32-x64-msvc@0.111.0
756 silly packumentCache full:https://registry.npmjs.org/@oxc-transform%2fbinding-win32-x64-msvc cache-miss
757 http fetch GET 200 https://registry.npmjs.org/jsonfile 126ms (cache miss)
758 silly packumentCache full:https://registry.npmjs.org/jsonfile set size:undefined disposed:false
759 silly fetch manifest @oxc-transform/binding-linux-arm64-gnu@0.111.0
760 silly packumentCache full:https://registry.npmjs.org/@oxc-transform%2fbinding-linux-arm64-gnu cache-miss
761 http fetch GET 200 https://registry.npmjs.org/p-finally 393ms (cache miss)
762 silly packumentCache full:https://registry.npmjs.org/p-finally set size:undefined disposed:false
763 silly fetch manifest @oxc-transform/binding-linux-ppc64-gnu@0.111.0
764 silly packumentCache full:https://registry.npmjs.org/@oxc-transform%2fbinding-linux-ppc64-gnu cache-miss
765 http fetch GET 200 https://registry.npmjs.org/@oxc-transform%2fbinding-darwin-arm64 141ms (cache miss)
766 silly packumentCache full:https://registry.npmjs.org/@oxc-transform%2fbinding-darwin-arm64 set size:undefined disposed:false
767 silly fetch manifest @oxc-transform/binding-linux-s390x-gnu@0.111.0
768 silly packumentCache full:https://registry.npmjs.org/@oxc-transform%2fbinding-linux-s390x-gnu cache-miss
769 http fetch GET 200 https://registry.npmjs.org/@oxc-transform%2fbinding-win32-x64-msvc 163ms (cache miss)
770 silly packumentCache full:https://registry.npmjs.org/@oxc-transform%2fbinding-win32-x64-msvc set size:undefined disposed:false
771 silly fetch manifest @oxc-transform/binding-win32-ia32-msvc@0.111.0
772 silly packumentCache full:https://registry.npmjs.org/@oxc-transform%2fbinding-win32-ia32-msvc cache-miss
773 http fetch GET 200 https://registry.npmjs.org/strip-final-newline 396ms (cache miss)
774 silly packumentCache full:https://registry.npmjs.org/strip-final-newline set size:undefined disposed:false
775 silly fetch manifest @oxc-transform/binding-android-arm-eabi@0.111.0
776 silly packumentCache full:https://registry.npmjs.org/@oxc-transform%2fbinding-android-arm-eabi cache-miss
777 http fetch GET 200 https://registry.npmjs.org/@oxc-transform%2fbinding-linux-s390x-gnu 158ms (cache miss)
778 silly packumentCache full:https://registry.npmjs.org/@oxc-transform%2fbinding-linux-s390x-gnu set size:undefined disposed:false
779 silly fetch manifest @oxc-transform/binding-linux-arm64-musl@0.111.0
780 silly packumentCache full:https://registry.npmjs.org/@oxc-transform%2fbinding-linux-arm64-musl cache-miss
781 http fetch GET 200 https://registry.npmjs.org/@oxc-transform%2fbinding-win32-ia32-msvc 145ms (cache miss)
782 silly packumentCache full:https://registry.npmjs.org/@oxc-transform%2fbinding-win32-ia32-msvc set size:undefined disposed:false
783 silly fetch manifest @oxc-transform/binding-win32-arm64-msvc@0.111.0
784 silly packumentCache full:https://registry.npmjs.org/@oxc-transform%2fbinding-win32-arm64-msvc cache-miss
785 http fetch GET 200 https://registry.npmjs.org/@oxc-transform%2fbinding-linux-arm64-musl 141ms (cache miss)
786 silly packumentCache full:https://registry.npmjs.org/@oxc-transform%2fbinding-linux-arm64-musl set size:undefined disposed:false
787 silly fetch manifest @oxc-transform/binding-linux-riscv64-gnu@0.111.0
788 silly packumentCache full:https://registry.npmjs.org/@oxc-transform%2fbinding-linux-riscv64-gnu cache-miss
789 http fetch GET 200 https://registry.npmjs.org/@oxc-transform%2fbinding-win32-arm64-msvc 169ms (cache miss)
790 silly packumentCache full:https://registry.npmjs.org/@oxc-transform%2fbinding-win32-arm64-msvc set size:undefined disposed:false
791 silly fetch manifest @oxc-transform/binding-openharmony-arm64@0.111.0
792 silly packumentCache full:https://registry.npmjs.org/@oxc-transform%2fbinding-openharmony-arm64 cache-miss
793 http fetch GET 200 https://registry.npmjs.org/@oxc-transform%2fbinding-linux-riscv64-gnu 131ms (cache miss)
794 silly packumentCache full:https://registry.npmjs.org/@oxc-transform%2fbinding-linux-riscv64-gnu set size:undefined disposed:false
795 silly fetch manifest @oxc-transform/binding-linux-riscv64-musl@0.111.0
796 silly packumentCache full:https://registry.npmjs.org/@oxc-transform%2fbinding-linux-riscv64-musl cache-miss
797 http fetch GET 200 https://registry.npmjs.org/@oxc-transform%2fbinding-openharmony-arm64 153ms (cache miss)
798 silly packumentCache full:https://registry.npmjs.org/@oxc-transform%2fbinding-openharmony-arm64 set size:undefined disposed:false
799 silly fetch manifest @oxc-transform/binding-linux-arm-gnueabihf@0.111.0
800 silly packumentCache full:https://registry.npmjs.org/@oxc-transform%2fbinding-linux-arm-gnueabihf cache-miss
801 http fetch GET 200 https://registry.npmjs.org/@oxc-transform%2fbinding-linux-riscv64-musl 137ms (cache miss)
802 silly packumentCache full:https://registry.npmjs.org/@oxc-transform%2fbinding-linux-riscv64-musl set size:undefined disposed:false
803 silly fetch manifest @oxc-transform/binding-linux-arm-musleabihf@0.111.0
804 silly packumentCache full:https://registry.npmjs.org/@oxc-transform%2fbinding-linux-arm-musleabihf cache-miss
805 http fetch GET 200 https://registry.npmjs.org/@oxc-transform%2fbinding-linux-arm-gnueabihf 187ms (cache miss)
806 silly packumentCache full:https://registry.npmjs.org/@oxc-transform%2fbinding-linux-arm-gnueabihf set size:undefined disposed:false
807 silly fetch manifest @oxc-project/types@=0.110.0
808 silly packumentCache full:https://registry.npmjs.org/@oxc-project%2ftypes cache-miss
809 http fetch GET 200 https://registry.npmjs.org/@oxc-transform%2fbinding-darwin-x64 914ms (cache miss)
810 silly packumentCache full:https://registry.npmjs.org/@oxc-transform%2fbinding-darwin-x64 set size:undefined disposed:false
811 silly fetch manifest @rolldown/pluginutils@1.0.0-rc.1
812 silly packumentCache full:https://registry.npmjs.org/@rolldown%2fpluginutils cache-miss
813 http fetch GET 200 https://registry.npmjs.org/@oxc-transform%2fbinding-linux-arm-musleabihf 178ms (cache miss)
814 silly packumentCache full:https://registry.npmjs.org/@oxc-transform%2fbinding-linux-arm-musleabihf set size:undefined disposed:false
815 silly fetch manifest @rolldown/binding-darwin-x64@1.0.0-rc.1
816 silly packumentCache full:https://registry.npmjs.org/@rolldown%2fbinding-darwin-x64 cache-miss
817 http fetch GET 200 https://registry.npmjs.org/@oxc-transform%2fbinding-freebsd-x64 925ms (cache miss)
818 silly packumentCache full:https://registry.npmjs.org/@oxc-transform%2fbinding-freebsd-x64 set size:undefined disposed:false
819 silly fetch manifest @rolldown/binding-freebsd-x64@1.0.0-rc.1
820 silly packumentCache full:https://registry.npmjs.org/@rolldown%2fbinding-freebsd-x64 cache-miss
821 http fetch GET 200 https://registry.npmjs.org/@oxc-transform%2fbinding-wasm32-wasi 931ms (cache miss)
822 silly packumentCache full:https://registry.npmjs.org/@oxc-transform%2fbinding-wasm32-wasi set size:undefined disposed:false
823 silly fetch manifest @rolldown/binding-wasm32-wasi@1.0.0-rc.1
824 silly packumentCache full:https://registry.npmjs.org/@rolldown%2fbinding-wasm32-wasi cache-miss
825 http fetch GET 200 https://registry.npmjs.org/@oxc-transform%2fbinding-android-arm64 1021ms (cache miss)
826 silly packumentCache full:https://registry.npmjs.org/@oxc-transform%2fbinding-android-arm64 set size:undefined disposed:false
827 silly fetch manifest @rolldown/binding-darwin-arm64@1.0.0-rc.1
828 silly packumentCache full:https://registry.npmjs.org/@rolldown%2fbinding-darwin-arm64 cache-miss
829 http fetch GET 200 https://registry.npmjs.org/@oxc-project%2ftypes 179ms (cache miss)
830 silly packumentCache full:https://registry.npmjs.org/@oxc-project%2ftypes set size:undefined disposed:false
831 silly fetch manifest @rolldown/binding-android-arm64@1.0.0-rc.1
832 silly packumentCache full:https://registry.npmjs.org/@rolldown%2fbinding-android-arm64 cache-miss
833 http fetch GET 200 https://registry.npmjs.org/@rolldown%2fpluginutils 184ms (cache miss)
834 silly packumentCache full:https://registry.npmjs.org/@rolldown%2fpluginutils set size:undefined disposed:false
835 silly fetch manifest @rolldown/binding-linux-x64-gnu@1.0.0-rc.1
836 silly packumentCache full:https://registry.npmjs.org/@rolldown%2fbinding-linux-x64-gnu cache-miss
837 http fetch GET 200 https://registry.npmjs.org/@oxc-transform%2fbinding-linux-x64-gnu 1051ms (cache miss)
838 silly packumentCache full:https://registry.npmjs.org/@oxc-transform%2fbinding-linux-x64-gnu set size:undefined disposed:false
839 silly fetch manifest @rolldown/binding-linux-x64-musl@1.0.0-rc.1
840 silly packumentCache full:https://registry.npmjs.org/@rolldown%2fbinding-linux-x64-musl cache-miss
841 http fetch GET 200 https://registry.npmjs.org/@oxc-transform%2fbinding-linux-ppc64-gnu 956ms (cache miss)
842 silly packumentCache full:https://registry.npmjs.org/@oxc-transform%2fbinding-linux-ppc64-gnu set size:undefined disposed:false
843 silly fetch manifest @rolldown/binding-win32-x64-msvc@1.0.0-rc.1
844 silly packumentCache full:https://registry.npmjs.org/@rolldown%2fbinding-win32-x64-msvc cache-miss
845 http fetch GET 200 https://registry.npmjs.org/@oxc-transform%2fbinding-linux-x64-musl 1083ms (cache miss)
846 silly packumentCache full:https://registry.npmjs.org/@oxc-transform%2fbinding-linux-x64-musl set size:undefined disposed:false
847 silly fetch manifest @rolldown/binding-linux-arm64-gnu@1.0.0-rc.1
848 silly packumentCache full:https://registry.npmjs.org/@rolldown%2fbinding-linux-arm64-gnu cache-miss
849 http fetch GET 200 https://registry.npmjs.org/@oxc-transform%2fbinding-android-arm-eabi 880ms (cache miss)
850 silly packumentCache full:https://registry.npmjs.org/@oxc-transform%2fbinding-android-arm-eabi set size:undefined disposed:false
851 silly fetch manifest @rolldown/binding-linux-arm64-musl@1.0.0-rc.1
852 silly packumentCache full:https://registry.npmjs.org/@rolldown%2fbinding-linux-arm64-musl cache-miss
853 http fetch GET 200 https://registry.npmjs.org/@rolldown%2fbinding-android-arm64 183ms (cache miss)
854 silly packumentCache full:https://registry.npmjs.org/@rolldown%2fbinding-android-arm64 set size:undefined disposed:false
855 silly fetch manifest @rolldown/binding-win32-arm64-msvc@1.0.0-rc.1
856 silly packumentCache full:https://registry.npmjs.org/@rolldown%2fbinding-win32-arm64-msvc cache-miss
857 http fetch GET 200 https://registry.npmjs.org/@rolldown%2fbinding-darwin-x64 349ms (cache miss)
858 silly packumentCache full:https://registry.npmjs.org/@rolldown%2fbinding-darwin-x64 set size:undefined disposed:false
859 silly fetch manifest @rolldown/binding-openharmony-arm64@1.0.0-rc.1
860 silly packumentCache full:https://registry.npmjs.org/@rolldown%2fbinding-openharmony-arm64 cache-miss
861 http fetch GET 200 https://registry.npmjs.org/@rolldown%2fbinding-linux-arm64-musl 265ms (cache miss)
862 silly packumentCache full:https://registry.npmjs.org/@rolldown%2fbinding-linux-arm64-musl set size:undefined disposed:false
863 silly fetch manifest @rolldown/binding-linux-arm-gnueabihf@1.0.0-rc.1
864 silly packumentCache full:https://registry.npmjs.org/@rolldown%2fbinding-linux-arm-gnueabihf cache-miss
865 http fetch GET 200 https://registry.npmjs.org/@rolldown%2fbinding-linux-x64-gnu 412ms (cache miss)
866 silly packumentCache full:https://registry.npmjs.org/@rolldown%2fbinding-linux-x64-gnu set size:undefined disposed:false
867 silly fetch manifest @ts-morph/common@~0.11.0
868 silly packumentCache full:https://registry.npmjs.org/@ts-morph%2fcommon cache-miss
869 http fetch GET 200 https://registry.npmjs.org/@rolldown%2fbinding-openharmony-arm64 280ms (cache miss)
870 silly packumentCache full:https://registry.npmjs.org/@rolldown%2fbinding-openharmony-arm64 set size:undefined disposed:false
871 silly fetch manifest code-block-writer@^10.1.1
872 silly packumentCache full:https://registry.npmjs.org/code-block-writer cache-miss
873 http fetch GET 200 https://registry.npmjs.org/@rolldown%2fbinding-freebsd-x64 665ms (cache miss)
874 silly packumentCache full:https://registry.npmjs.org/@rolldown%2fbinding-freebsd-x64 set size:undefined disposed:false
875 silly fetch manifest get-tsconfig@^4.7.5
876 silly packumentCache full:https://registry.npmjs.org/get-tsconfig cache-miss
877 http fetch GET 200 https://registry.npmjs.org/@rolldown%2fbinding-win32-arm64-msvc 447ms (cache miss)
878 silly packumentCache full:https://registry.npmjs.org/@rolldown%2fbinding-win32-arm64-msvc set size:undefined disposed:false
879 silly fetch manifest fsevents@~2.3.3
880 silly packumentCache full:https://registry.npmjs.org/fsevents cache-miss
881 http fetch GET 200 https://registry.npmjs.org/@oxc-transform%2fbinding-linux-arm64-gnu 1729ms (cache miss)
882 silly packumentCache full:https://registry.npmjs.org/@oxc-transform%2fbinding-linux-arm64-gnu set size:undefined disposed:false
883 http fetch GET 200 https://registry.npmjs.org/@rolldown%2fbinding-darwin-arm64 819ms (cache miss)
884 silly packumentCache full:https://registry.npmjs.org/@rolldown%2fbinding-darwin-arm64 set size:undefined disposed:false
885 http fetch GET 200 https://registry.npmjs.org/@rolldown%2fbinding-wasm32-wasi 951ms (cache miss)
886 silly packumentCache full:https://registry.npmjs.org/@rolldown%2fbinding-wasm32-wasi set size:undefined disposed:false
887 http fetch GET 200 https://registry.npmjs.org/code-block-writer 395ms (cache miss)
888 silly packumentCache full:https://registry.npmjs.org/code-block-writer set size:undefined disposed:false
889 http fetch GET 200 https://registry.npmjs.org/get-tsconfig 391ms (cache miss)
890 silly packumentCache full:https://registry.npmjs.org/get-tsconfig set size:undefined disposed:false
891 http fetch GET 200 https://registry.npmjs.org/@rolldown%2fbinding-linux-arm64-gnu 974ms (cache miss)
892 silly packumentCache full:https://registry.npmjs.org/@rolldown%2fbinding-linux-arm64-gnu set size:undefined disposed:false
893 http fetch GET 200 https://registry.npmjs.org/fsevents 446ms (cache miss)
894 silly packumentCache full:https://registry.npmjs.org/fsevents set size:undefined disposed:false
895 http fetch GET 200 https://registry.npmjs.org/@rolldown%2fbinding-linux-x64-musl 1091ms (cache miss)
896 silly packumentCache full:https://registry.npmjs.org/@rolldown%2fbinding-linux-x64-musl set size:undefined disposed:false
897 http fetch GET 200 https://registry.npmjs.org/@rolldown%2fbinding-win32-x64-msvc 1082ms (cache miss)
898 silly packumentCache full:https://registry.npmjs.org/@rolldown%2fbinding-win32-x64-msvc set size:undefined disposed:false
899 http fetch GET 200 https://registry.npmjs.org/@rolldown%2fbinding-linux-arm-gnueabihf 796ms (cache miss)
900 silly packumentCache full:https://registry.npmjs.org/@rolldown%2fbinding-linux-arm-gnueabihf set size:undefined disposed:false
901 http fetch GET 200 https://registry.npmjs.org/@ts-morph%2fcommon 853ms (cache miss)
902 silly packumentCache full:https://registry.npmjs.org/@ts-morph%2fcommon set size:undefined disposed:false
903 silly placeDep ROOT @vercel/oidc@3.8.4 OK for: @vercel/blob@2.8.0 want: ^3.6.1
904 silly placeDep ROOT async-retry@1.3.3 OK for: @vercel/blob@2.8.0 want: ^1.3.3
905 silly placeDep ROOT is-buffer@2.0.5 OK for: @vercel/blob@2.8.0 want: ^2.0.5
906 silly placeDep ROOT is-node-process@1.2.0 OK for: @vercel/blob@2.8.0 want: ^1.2.0
907 silly placeDep ROOT throttleit@2.1.0 OK for: @vercel/blob@2.8.0 want: ^2.1.0
908 silly placeDep node_modules/@vercel/blob undici@6.28.0 OK for: @vercel/blob@2.8.0 want: ^6.23.0
909 silly fetch manifest @vercel/cli-exec@1.0.1
910 silly packumentCache full:https://registry.npmjs.org/@vercel%2fcli-exec cache-miss
911 silly fetch manifest retry@0.13.1
912 silly packumentCache full:https://registry.npmjs.org/retry cache-miss
913 http fetch GET 200 https://registry.npmjs.org/retry 117ms (cache miss)
914 silly packumentCache full:https://registry.npmjs.org/retry set size:undefined disposed:false
915 http fetch GET 200 https://registry.npmjs.org/@vercel%2fcli-exec 2355ms (cache miss)
916 silly packumentCache full:https://registry.npmjs.org/@vercel%2fcli-exec set size:undefined disposed:false
917 silly placeDep ROOT cjs-module-lexer@1.2.3 OK for: @vercel/build-utils@14.1.1 want: 1.2.3
918 silly placeDep ROOT es-module-lexer@1.5.0 OK for: @vercel/build-utils@14.1.1 want: 1.5.0
919 silly placeDep ROOT @napi-rs/keyring@1.2.0 OK for: @vercel/cli-auth@0.3.4 want: 1.2.0
920 silly placeDep ROOT async-listen@3.0.0 OK for: @vercel/cli-auth@0.3.4 want: 3.0.0
921 silly placeDep ROOT open@8.4.0 OK for: @vercel/cli-auth@0.3.4 want: 8.4.0
922 silly fetch manifest @napi-rs/keyring-darwin-x64@1.2.0
923 silly packumentCache full:https://registry.npmjs.org/@napi-rs%2fkeyring-darwin-x64 cache-miss
924 silly fetch manifest @napi-rs/keyring-freebsd-x64@1.2.0
925 silly packumentCache full:https://registry.npmjs.org/@napi-rs%2fkeyring-freebsd-x64 cache-miss
926 silly fetch manifest @napi-rs/keyring-darwin-arm64@1.2.0
927 silly packumentCache full:https://registry.npmjs.org/@napi-rs%2fkeyring-darwin-arm64 cache-miss
928 silly fetch manifest @napi-rs/keyring-linux-x64-gnu@1.2.0
929 silly packumentCache full:https://registry.npmjs.org/@napi-rs%2fkeyring-linux-x64-gnu cache-miss
930 silly fetch manifest @napi-rs/keyring-linux-x64-musl@1.2.0
931 silly packumentCache full:https://registry.npmjs.org/@napi-rs%2fkeyring-linux-x64-musl cache-miss
932 silly fetch manifest @napi-rs/keyring-win32-x64-msvc@1.2.0
933 silly packumentCache full:https://registry.npmjs.org/@napi-rs%2fkeyring-win32-x64-msvc cache-miss
934 silly fetch manifest @napi-rs/keyring-linux-arm64-gnu@1.2.0
935 silly packumentCache full:https://registry.npmjs.org/@napi-rs%2fkeyring-linux-arm64-gnu cache-miss
936 silly fetch manifest @napi-rs/keyring-win32-ia32-msvc@1.2.0
937 silly packumentCache full:https://registry.npmjs.org/@napi-rs%2fkeyring-win32-ia32-msvc cache-miss
938 silly fetch manifest @napi-rs/keyring-linux-arm64-musl@1.2.0
939 silly packumentCache full:https://registry.npmjs.org/@napi-rs%2fkeyring-linux-arm64-musl cache-miss
940 silly fetch manifest @napi-rs/keyring-win32-arm64-msvc@1.2.0
941 silly packumentCache full:https://registry.npmjs.org/@napi-rs%2fkeyring-win32-arm64-msvc cache-miss
942 silly fetch manifest @napi-rs/keyring-linux-riscv64-gnu@1.2.0
943 silly packumentCache full:https://registry.npmjs.org/@napi-rs%2fkeyring-linux-riscv64-gnu cache-miss
944 http fetch GET 200 https://registry.npmjs.org/@napi-rs%2fkeyring-darwin-x64 116ms (cache miss)
945 silly packumentCache full:https://registry.npmjs.org/@napi-rs%2fkeyring-darwin-x64 set size:undefined disposed:false
946 silly fetch manifest @napi-rs/keyring-linux-arm-gnueabihf@1.2.0
947 silly packumentCache full:https://registry.npmjs.org/@napi-rs%2fkeyring-linux-arm-gnueabihf cache-miss
948 http fetch GET 200 https://registry.npmjs.org/@napi-rs%2fkeyring-linux-x64-gnu 119ms (cache miss)
949 silly packumentCache full:https://registry.npmjs.org/@napi-rs%2fkeyring-linux-x64-gnu set size:undefined disposed:false
950 silly fetch manifest is-wsl@^2.2.0
951 silly packumentCache full:https://registry.npmjs.org/is-wsl cache-miss
952 http fetch GET 200 https://registry.npmjs.org/@napi-rs%2fkeyring-linux-arm-gnueabihf 100ms (cache miss)
953 silly packumentCache full:https://registry.npmjs.org/@napi-rs%2fkeyring-linux-arm-gnueabihf set size:undefined disposed:false
954 silly fetch manifest is-docker@^2.1.1
955 silly packumentCache full:https://registry.npmjs.org/is-docker cache-miss
956 http fetch GET 200 https://registry.npmjs.org/is-wsl 100ms (cache miss)
957 silly packumentCache full:https://registry.npmjs.org/is-wsl set size:undefined disposed:false
958 silly fetch manifest define-lazy-prop@^2.0.0
959 silly packumentCache full:https://registry.npmjs.org/define-lazy-prop cache-miss
960 http fetch GET 200 https://registry.npmjs.org/is-docker 98ms (cache miss)
961 silly packumentCache full:https://registry.npmjs.org/is-docker set size:undefined disposed:false
962 http fetch GET 200 https://registry.npmjs.org/define-lazy-prop 99ms (cache miss)
963 silly packumentCache full:https://registry.npmjs.org/define-lazy-prop set size:undefined disposed:false
964 http fetch GET 200 https://registry.npmjs.org/@napi-rs%2fkeyring-darwin-arm64 842ms (cache miss)
965 silly packumentCache full:https://registry.npmjs.org/@napi-rs%2fkeyring-darwin-arm64 set size:undefined disposed:false
966 http fetch GET 200 https://registry.npmjs.org/@napi-rs%2fkeyring-linux-arm64-musl 852ms (cache miss)
967 silly packumentCache full:https://registry.npmjs.org/@napi-rs%2fkeyring-linux-arm64-musl set size:undefined disposed:false
968 http fetch GET 200 https://registry.npmjs.org/@napi-rs%2fkeyring-win32-arm64-msvc 858ms (cache miss)
969 silly packumentCache full:https://registry.npmjs.org/@napi-rs%2fkeyring-win32-arm64-msvc set size:undefined disposed:false
970 http fetch GET 200 https://registry.npmjs.org/@napi-rs%2fkeyring-freebsd-x64 869ms (cache miss)
971 silly packumentCache full:https://registry.npmjs.org/@napi-rs%2fkeyring-freebsd-x64 set size:undefined disposed:false
972 http fetch GET 200 https://registry.npmjs.org/@napi-rs%2fkeyring-linux-arm64-gnu 884ms (cache miss)
973 silly packumentCache full:https://registry.npmjs.org/@napi-rs%2fkeyring-linux-arm64-gnu set size:undefined disposed:false
974 http fetch GET 200 https://registry.npmjs.org/@napi-rs%2fkeyring-linux-x64-musl 885ms (cache miss)
975 silly packumentCache full:https://registry.npmjs.org/@napi-rs%2fkeyring-linux-x64-musl set size:undefined disposed:false
976 http fetch GET 200 https://registry.npmjs.org/@napi-rs%2fkeyring-linux-riscv64-gnu 890ms (cache miss)
977 silly packumentCache full:https://registry.npmjs.org/@napi-rs%2fkeyring-linux-riscv64-gnu set size:undefined disposed:false
978 http fetch GET 200 https://registry.npmjs.org/@napi-rs%2fkeyring-win32-ia32-msvc 1053ms (cache miss)
979 silly packumentCache full:https://registry.npmjs.org/@napi-rs%2fkeyring-win32-ia32-msvc set size:undefined disposed:false
980 http fetch GET 200 https://registry.npmjs.org/@napi-rs%2fkeyring-win32-x64-msvc 1062ms (cache miss)
981 silly packumentCache full:https://registry.npmjs.org/@napi-rs%2fkeyring-win32-x64-msvc set size:undefined disposed:false
982 silly placeDep ROOT @napi-rs/keyring-darwin-arm64@1.2.0 OK for: @napi-rs/keyring@1.2.0 want: 1.2.0
983 silly placeDep ROOT @napi-rs/keyring-darwin-x64@1.2.0 OK for: @napi-rs/keyring@1.2.0 want: 1.2.0
984 silly placeDep ROOT @napi-rs/keyring-freebsd-x64@1.2.0 OK for: @napi-rs/keyring@1.2.0 want: 1.2.0
985 silly placeDep ROOT @napi-rs/keyring-linux-arm-gnueabihf@1.2.0 OK for: @napi-rs/keyring@1.2.0 want: 1.2.0
986 silly placeDep ROOT @napi-rs/keyring-linux-arm64-gnu@1.2.0 OK for: @napi-rs/keyring@1.2.0 want: 1.2.0
987 silly placeDep ROOT @napi-rs/keyring-linux-arm64-musl@1.2.0 OK for: @napi-rs/keyring@1.2.0 want: 1.2.0
988 silly placeDep ROOT @napi-rs/keyring-linux-riscv64-gnu@1.2.0 OK for: @napi-rs/keyring@1.2.0 want: 1.2.0
989 silly placeDep ROOT @napi-rs/keyring-linux-x64-gnu@1.2.0 OK for: @napi-rs/keyring@1.2.0 want: 1.2.0
990 silly placeDep ROOT @napi-rs/keyring-linux-x64-musl@1.2.0 OK for: @napi-rs/keyring@1.2.0 want: 1.2.0
991 silly placeDep ROOT @napi-rs/keyring-win32-arm64-msvc@1.2.0 OK for: @napi-rs/keyring@1.2.0 want: 1.2.0
992 silly placeDep ROOT @napi-rs/keyring-win32-ia32-msvc@1.2.0 OK for: @napi-rs/keyring@1.2.0 want: 1.2.0
993 silly placeDep ROOT @napi-rs/keyring-win32-x64-msvc@1.2.0 OK for: @napi-rs/keyring@1.2.0 want: 1.2.0
994 silly placeDep ROOT xdg-app-paths@5.5.1 OK for: @vercel/cli-config@0.2.3 want: 5
995 silly fetch manifest os-paths@^4.0.1
996 silly packumentCache full:https://registry.npmjs.org/os-paths cache-miss
997 silly fetch manifest xdg-portable@^7.2.0
998 silly packumentCache full:https://registry.npmjs.org/xdg-portable cache-miss
999 http fetch GET 200 https://registry.npmjs.org/xdg-portable 110ms (cache miss)
1000 silly packumentCache full:https://registry.npmjs.org/xdg-portable set size:undefined disposed:false
1001 http fetch GET 200 https://registry.npmjs.org/os-paths 152ms (cache miss)
1002 silly packumentCache full:https://registry.npmjs.org/os-paths set size:undefined disposed:false
1003 silly placeDep ROOT @vercel/cervel@0.1.46 OK for: @vercel/express@0.1.129 want: 0.1.46
1004 silly placeDep node_modules/@vercel/express zod@3.22.4 OK for: @vercel/express@0.1.129 want: 3.22.4
1005 silly fetch manifest encoding@^0.1.0
1006 silly packumentCache full:https://registry.npmjs.org/encoding cache-miss
1007 http fetch GET 200 https://registry.npmjs.org/encoding 375ms (cache miss)
1008 silly packumentCache full:https://registry.npmjs.org/encoding set size:undefined disposed:false
1009 silly placeDep ROOT @tootallnate/once@2.0.0 OK for: @vercel/fun@1.3.0 want: 2.0.0
1010 silly placeDep node_modules/@vercel/fun async-listen@1.2.0 OK for: @vercel/fun@1.3.0 want: 1.2.0
1011 silly placeDep ROOT debug@4.3.4 OK for: @vercel/fun@1.3.0 want: 4.3.4
1012 silly placeDep ROOT generic-pool@3.4.2 OK for: @vercel/fun@1.3.0 want: 3.4.2
1013 silly placeDep ROOT micro@9.3.5-canary.3 OK for: @vercel/fun@1.3.0 want: 9.3.5-canary.3
1014 silly placeDep ROOT ms@2.1.1 OK for: @vercel/fun@1.3.0 want: 2.1.1
1015 silly placeDep ROOT node-fetch@2.6.7 OK for: @vercel/fun@1.3.0 want: 2.6.7
1016 silly placeDep node_modules/@vercel/fun path-to-regexp@8.2.0 OK for: @vercel/fun@1.3.0 want: 8.2.0
1017 silly placeDep ROOT promisepipe@3.0.0 OK for: @vercel/fun@1.3.0 want: 3.0.0
1018 silly placeDep ROOT semver@7.5.4 OK for: @vercel/fun@1.3.0 want: 7.5.4
1019 silly placeDep ROOT stat-mode@0.3.0 OK for: @vercel/fun@1.3.0 want: 0.3.0
1020 silly placeDep ROOT stream-to-promise@2.2.0 OK for: @vercel/fun@1.3.0 want: 2.2.0
1021 silly placeDep ROOT tar@7.5.7 OK for: @vercel/fun@1.3.0 want: 7.5.7
1022 silly placeDep ROOT tinyexec@0.3.2 OK for: @vercel/fun@1.3.0 want: 0.3.2
1023 silly placeDep ROOT tree-kill@1.2.2 OK for: @vercel/fun@1.3.0 want: 1.2.2
1024 silly placeDep ROOT uid-promise@1.0.0 OK for: @vercel/fun@1.3.0 want: 1.0.0
1025 silly placeDep node_modules/@vercel/fun xdg-app-paths@5.1.0 OK for: @vercel/fun@1.3.0 want: 5.1.0
1026 silly placeDep ROOT yauzl-promise@2.1.3 OK for: @vercel/fun@1.3.0 want: 2.1.3
1027 silly fetch manifest ms@2.1.2
1028 silly packumentCache full:https://registry.npmjs.org/ms cache-miss
1029 silly fetch manifest arg@4.1.0
1030 silly packumentCache full:https://registry.npmjs.org/arg cache-miss
1031 silly fetch manifest raw-body@2.4.1
1032 silly packumentCache full:https://registry.npmjs.org/raw-body cache-miss
1033 silly fetch manifest content-type@1.0.4
1034 silly packumentCache full:https://registry.npmjs.org/content-type cache-miss
1035 silly fetch manifest whatwg-url@^5.0.0
1036 silly packumentCache full:https://registry.npmjs.org/whatwg-url cache-miss
1037 silly fetch manifest lru-cache@^6.0.0
1038 silly packumentCache full:https://registry.npmjs.org/lru-cache cache-miss
1039 silly fetch manifest any-promise@~1.3.0
1040 silly packumentCache full:https://registry.npmjs.org/any-promise cache-miss
1041 silly fetch manifest end-of-stream@~1.1.0
1042 silly packumentCache full:https://registry.npmjs.org/end-of-stream cache-miss
1043 silly fetch manifest stream-to-array@~2.3.0
1044 silly packumentCache full:https://registry.npmjs.org/stream-to-array cache-miss
1045 silly fetch manifest chownr@^3.0.0
1046 silly packumentCache full:https://registry.npmjs.org/chownr cache-miss
1047 silly fetch manifest yallist@^5.0.0
1048 silly packumentCache full:https://registry.npmjs.org/yallist cache-miss
1049 http cache https://registry.npmjs.org/ms 12ms (cache hit)
1050 silly packumentCache full:https://registry.npmjs.org/ms set size:92208 disposed:false
1051 silly fetch manifest minipass@^7.1.2
1052 silly packumentCache full:https://registry.npmjs.org/minipass cache-miss
1053 http fetch GET 200 https://registry.npmjs.org/content-type 112ms (cache miss)
1054 silly packumentCache full:https://registry.npmjs.org/content-type set size:undefined disposed:false
1055 silly fetch manifest minizlib@^3.1.0
1056 silly packumentCache full:https://registry.npmjs.org/minizlib cache-miss
1057 http fetch GET 200 https://registry.npmjs.org/arg 118ms (cache miss)
1058 silly packumentCache full:https://registry.npmjs.org/arg set size:undefined disposed:false
1059 silly fetch manifest @isaacs/fs-minipass@^4.0.0
1060 silly packumentCache full:https://registry.npmjs.org/@isaacs%2ffs-minipass cache-miss
1061 http fetch GET 200 https://registry.npmjs.org/yallist 120ms (cache miss)
1062 silly packumentCache full:https://registry.npmjs.org/yallist set size:undefined disposed:false
1063 silly fetch manifest xdg-portable@^7.0.0
1064 silly packumentCache full:https://registry.npmjs.org/xdg-portable cache-miss
1065 http cache https://registry.npmjs.org/xdg-portable 4ms (cache hit)
1066 silly packumentCache full:https://registry.npmjs.org/xdg-portable set size:329210 disposed:false
1067 silly fetch manifest yauzl@^2.9.1
1068 silly packumentCache full:https://registry.npmjs.org/yauzl cache-miss
1069 http fetch GET 200 https://registry.npmjs.org/raw-body 138ms (cache miss)
1070 silly packumentCache full:https://registry.npmjs.org/raw-body set size:undefined disposed:false
1071 silly fetch manifest yauzl-clone@^1.0.4
1072 silly packumentCache full:https://registry.npmjs.org/yauzl-clone cache-miss
1073 http fetch GET 200 https://registry.npmjs.org/chownr 140ms (cache miss)
1074 silly packumentCache full:https://registry.npmjs.org/chownr set size:undefined disposed:false
1075 http fetch GET 200 https://registry.npmjs.org/whatwg-url 197ms (cache miss)
1076 silly packumentCache full:https://registry.npmjs.org/whatwg-url set size:undefined disposed:false
1077 http fetch GET 200 https://registry.npmjs.org/end-of-stream 249ms (cache miss)
1078 silly packumentCache full:https://registry.npmjs.org/end-of-stream set size:undefined disposed:false
1079 http fetch GET 200 https://registry.npmjs.org/minipass 259ms (cache miss)
1080 silly packumentCache full:https://registry.npmjs.org/minipass set size:undefined disposed:false
1081 http fetch GET 200 https://registry.npmjs.org/minizlib 175ms (cache miss)
1082 silly packumentCache full:https://registry.npmjs.org/minizlib set size:undefined disposed:false
1083 http fetch GET 200 https://registry.npmjs.org/yauzl 166ms (cache miss)
1084 silly packumentCache full:https://registry.npmjs.org/yauzl set size:undefined disposed:false
1085 http fetch GET 200 https://registry.npmjs.org/any-promise 336ms (cache miss)
1086 silly packumentCache full:https://registry.npmjs.org/any-promise set size:undefined disposed:false
1087 http fetch GET 200 https://registry.npmjs.org/stream-to-array 355ms (cache miss)
1088 silly packumentCache full:https://registry.npmjs.org/stream-to-array set size:undefined disposed:false
1089 http fetch GET 200 https://registry.npmjs.org/yauzl-clone 354ms (cache miss)
1090 silly packumentCache full:https://registry.npmjs.org/yauzl-clone set size:undefined disposed:false
1091 http fetch GET 200 https://registry.npmjs.org/@isaacs%2ffs-minipass 391ms (cache miss)
1092 silly packumentCache full:https://registry.npmjs.org/@isaacs%2ffs-minipass set size:undefined disposed:false
1093 http fetch GET 200 https://registry.npmjs.org/lru-cache 1202ms (cache miss)
1094 silly packumentCache full:https://registry.npmjs.org/lru-cache set size:undefined disposed:false
1095 silly placeDep node_modules/@vercel/hono zod@3.22.4 OK for: @vercel/hono@0.2.118 want: 3.22.4
1096 silly fetch manifest rollup@^1.20.0||^2.0.0||^3.0.0||^4.0.0
1097 silly packumentCache full:https://registry.npmjs.org/rollup cache-miss
1098 http fetch GET 200 https://registry.npmjs.org/rollup 511ms (cache miss)
1099 silly packumentCache full:https://registry.npmjs.org/rollup set size:undefined disposed:false
1100 silly placeDep ROOT @mapbox/node-pre-gyp@2.0.3 OK for: @vercel/nft@1.10.0 want: ^2.0.0
1101 silly placeDep ROOT @rollup/pluginutils@5.4.0 OK for: @vercel/nft@1.10.0 want: ^5.1.3
1102 silly placeDep ROOT acorn@8.18.0 OK for: @vercel/nft@1.10.0 want: ^8.6.0
1103 silly placeDep ROOT acorn-import-attributes@1.9.5 OK for: @vercel/nft@1.10.0 want: ^1.9.5
1104 silly placeDep ROOT async-sema@3.1.1 OK for: @vercel/nft@1.10.0 want: ^3.1.1
1105 silly placeDep ROOT bindings@1.5.0 OK for: @vercel/nft@1.10.0 want: ^1.4.0
1106 silly placeDep ROOT estree-walker@2.0.2 OK for: @vercel/nft@1.10.0 want: 2.0.2
1107 silly placeDep ROOT glob@13.0.6 OK for: @vercel/nft@1.10.0 want: ^13.0.0
1108 silly placeDep ROOT graceful-fs@4.2.11 OK for: @vercel/nft@1.10.0 want: ^4.2.9
1109 silly placeDep ROOT node-gyp-build@4.8.4 OK for: @vercel/nft@1.10.0 want: ^4.2.2
1110 silly placeDep ROOT picomatch@4.0.5 OK for: @vercel/nft@1.10.0 want: ^4.0.2
1111 silly placeDep ROOT resolve-from@5.0.0 OK for: @vercel/nft@1.10.0 want: ^5.0.0
1112 silly fetch manifest nopt@^8.0.0
1113 silly packumentCache full:https://registry.npmjs.org/nopt cache-miss
1114 silly fetch manifest consola@^3.2.3
1115 silly packumentCache full:https://registry.npmjs.org/consola cache-miss
1116 silly fetch manifest detect-libc@^2.0.0
1117 silly packumentCache full:https://registry.npmjs.org/detect-libc cache-miss
1118 silly fetch manifest https-proxy-agent@^7.0.5
1119 silly packumentCache full:https://registry.npmjs.org/https-proxy-agent cache-miss
1120 silly fetch manifest @types/estree@^1.0.0
1121 silly packumentCache full:https://registry.npmjs.org/@types%2festree cache-miss
1122 silly fetch manifest estree-walker@^2.0.2
1123 silly packumentCache full:https://registry.npmjs.org/estree-walker cache-miss
1124 silly fetch manifest file-uri-to-path@1.0.0
1125 silly packumentCache full:https://registry.npmjs.org/file-uri-to-path cache-miss
1126 silly fetch manifest minimatch@^10.2.2
1127 silly packumentCache full:https://registry.npmjs.org/minimatch cache-miss
1128 silly fetch manifest minipass@^7.1.3
1129 silly packumentCache full:https://registry.npmjs.org/minipass cache-miss
1130 silly fetch manifest path-scurry@^2.0.2
1131 silly packumentCache full:https://registry.npmjs.org/path-scurry cache-miss
1132 http cache https://registry.npmjs.org/minipass 20ms (cache hit)
1133 silly packumentCache full:https://registry.npmjs.org/minipass set size:276925 disposed:false
1134 http cache https://registry.npmjs.org/estree-walker 24ms (cache hit)
1135 silly packumentCache full:https://registry.npmjs.org/estree-walker set size:60887 disposed:false
1136 http cache https://registry.npmjs.org/minimatch 25ms (cache hit)
1137 silly packumentCache full:https://registry.npmjs.org/minimatch set size:377924 disposed:false
1138 http fetch GET 200 https://registry.npmjs.org/@types%2festree 115ms (cache miss)
1139 silly packumentCache full:https://registry.npmjs.org/@types%2festree set size:undefined disposed:false
1140 http fetch GET 200 https://registry.npmjs.org/file-uri-to-path 116ms (cache miss)
1141 silly packumentCache full:https://registry.npmjs.org/file-uri-to-path set size:undefined disposed:false
1142 http fetch GET 200 https://registry.npmjs.org/nopt 149ms (cache miss)
1143 silly packumentCache full:https://registry.npmjs.org/nopt set size:undefined disposed:false
1144 http fetch GET 200 https://registry.npmjs.org/https-proxy-agent 166ms (cache miss)
1145 silly packumentCache full:https://registry.npmjs.org/https-proxy-agent set size:undefined disposed:false
1146 http fetch GET 200 https://registry.npmjs.org/detect-libc 181ms (cache revalidated)
1147 silly packumentCache full:https://registry.npmjs.org/detect-libc set size:47861 disposed:false
1148 http fetch GET 200 https://registry.npmjs.org/consola 184ms (cache miss)
1149 silly packumentCache full:https://registry.npmjs.org/consola set size:undefined disposed:false
1150 http fetch GET 200 https://registry.npmjs.org/path-scurry 185ms (cache miss)
1151 silly packumentCache full:https://registry.npmjs.org/path-scurry set size:undefined disposed:false
1152 silly placeDep ROOT consola@3.4.2 OK for: @mapbox/node-pre-gyp@2.0.3 want: ^3.2.3
1153 silly placeDep ROOT detect-libc@2.1.2 OK for: @mapbox/node-pre-gyp@2.0.3 want: ^2.0.0
1154 silly placeDep ROOT https-proxy-agent@7.0.6 OK for: @mapbox/node-pre-gyp@2.0.3 want: ^7.0.5
1155 silly placeDep ROOT nopt@8.1.0 OK for: @mapbox/node-pre-gyp@2.0.3 want: ^8.0.0
1156 silly fetch manifest agent-base@^7.1.2
1157 silly packumentCache full:https://registry.npmjs.org/agent-base cache-miss
1158 silly fetch manifest abbrev@^3.0.0
1159 silly packumentCache full:https://registry.npmjs.org/abbrev cache-miss
1160 http fetch GET 200 https://registry.npmjs.org/agent-base 109ms (cache miss)
1161 silly packumentCache full:https://registry.npmjs.org/agent-base set size:undefined disposed:false
1162 http fetch GET 200 https://registry.npmjs.org/abbrev 112ms (cache miss)
1163 silly packumentCache full:https://registry.npmjs.org/abbrev set size:undefined disposed:false
1164 silly placeDep ROOT @types/estree@1.0.9 OK for: @rollup/pluginutils@5.4.0 want: ^1.0.0
1165 silly placeDep ROOT @edge-runtime/node-utils@2.3.0 OK for: @vercel/node@5.10.1 want: 2.3.0
1166 silly placeDep ROOT @edge-runtime/primitives@4.1.0 OK for: @vercel/node@5.10.1 want: 4.1.0
1167 silly placeDep ROOT @edge-runtime/vm@3.2.0 OK for: @vercel/node@5.10.1 want: 3.2.0
1168 silly placeDep ROOT @types/node@20.11.0 OK for: @vercel/node@5.10.1 want: 20.11.0
1169 silly placeDep ROOT @vercel/error-utils@2.2.1 OK for: @vercel/node@5.10.1 want: 2.2.1
1170 silly placeDep ROOT edge-runtime@2.5.9 OK for: @vercel/node@5.10.1 want: 2.5.9
1171 silly placeDep node_modules/@vercel/node es-module-lexer@1.4.1 OK for: @vercel/node@5.10.1 want: 1.4.1
1172 silly placeDep ROOT etag@1.8.1 OK for: @vercel/node@5.10.1 want: 1.8.1
1173 silly placeDep ROOT mime-types@2.1.35 OK for: @vercel/node@5.10.1 want: 2.1.35
1174 silly placeDep node_modules/@vercel/node node-fetch@2.6.9 OK for: @vercel/node@5.10.1 want: 2.6.9
1175 silly placeDep node_modules/@vercel/node path-to-regexp@6.1.0 OK for: @vercel/node@5.10.1 want: 6.1.0
1176 silly placeDep ROOT path-to-regexp-updated@6.3.0 OK for: @vercel/node@5.10.1 want: npm:path-to-regexp@6.3.0
1177 silly placeDep ROOT typescript@5.9.3 OK for: @vercel/node@5.10.1 want: npm:typescript@5.9.3
1178 silly placeDep node_modules/@vercel/node undici@5.28.4 OK for: @vercel/node@5.10.1 want: 5.28.4
1179 silly fetch manifest undici-types@~5.26.4
1180 silly packumentCache full:https://registry.npmjs.org/undici-types cache-miss
1181 silly fetch manifest mri@1.2.0
1182 silly packumentCache full:https://registry.npmjs.org/mri cache-miss
1183 silly fetch manifest pretty-ms@7.0.1
1184 silly packumentCache full:https://registry.npmjs.org/pretty-ms cache-miss
1185 silly fetch manifest time-span@4.0.0
1186 silly packumentCache full:https://registry.npmjs.org/time-span cache-miss
1187 silly fetch manifest picocolors@1.0.0
1188 silly packumentCache full:https://registry.npmjs.org/picocolors cache-miss
1189 silly fetch manifest signal-exit@4.0.2
1190 silly packumentCache full:https://registry.npmjs.org/signal-exit cache-miss
1191 silly fetch manifest async-listen@3.0.1
1192 silly packumentCache full:https://registry.npmjs.org/async-listen cache-hit
1193 silly fetch manifest @edge-runtime/format@2.2.1
1194 silly packumentCache full:https://registry.npmjs.org/@edge-runtime%2fformat cache-miss
1195 silly fetch manifest @edge-runtime/ponyfill@2.4.2
1196 silly packumentCache full:https://registry.npmjs.org/@edge-runtime%2fponyfill cache-miss
1197 silly fetch manifest mime-db@1.52.0
1198 silly packumentCache full:https://registry.npmjs.org/mime-db cache-miss
1199 http cache https://registry.npmjs.org/signal-exit 11ms (cache hit)
1200 silly packumentCache full:https://registry.npmjs.org/signal-exit set size:53489 disposed:false
1201 http fetch GET 200 https://registry.npmjs.org/undici-types 98ms (cache revalidated)
1202 silly packumentCache full:https://registry.npmjs.org/undici-types set size:250438 disposed:false
1203 http fetch GET 200 https://registry.npmjs.org/pretty-ms 103ms (cache miss)
1204 silly packumentCache full:https://registry.npmjs.org/pretty-ms set size:undefined disposed:false
1205 http fetch GET 200 https://registry.npmjs.org/picocolors 103ms (cache revalidated)
1206 silly packumentCache full:https://registry.npmjs.org/picocolors set size:16648 disposed:false
1207 http fetch GET 200 https://registry.npmjs.org/mri 105ms (cache miss)
1208 silly packumentCache full:https://registry.npmjs.org/mri set size:undefined disposed:false
1209 http fetch GET 200 https://registry.npmjs.org/mime-db 131ms (cache miss)
1210 silly packumentCache full:https://registry.npmjs.org/mime-db set size:undefined disposed:false
1211 http fetch GET 200 https://registry.npmjs.org/time-span 390ms (cache miss)
1212 silly packumentCache full:https://registry.npmjs.org/time-span set size:undefined disposed:false
1213 http fetch GET 200 https://registry.npmjs.org/@edge-runtime%2fponyfill 874ms (cache miss)
1214 silly packumentCache full:https://registry.npmjs.org/@edge-runtime%2fponyfill set size:undefined disposed:false
1215 http fetch GET 200 https://registry.npmjs.org/@edge-runtime%2fformat 898ms (cache miss)
1216 silly packumentCache full:https://registry.npmjs.org/@edge-runtime%2fformat set size:undefined disposed:false
1217 silly placeDep ROOT undici-types@5.26.5 OK for: @types/node@20.11.0 want: ~5.26.4
1218 silly placeDep ROOT @vercel/cli-exec@1.0.1 OK for: @vercel/oidc@3.8.4 want: 1.0.1
1219 silly fetch manifest execa@5.1.1
1220 silly packumentCache full:https://registry.npmjs.org/execa cache-hit
1221 silly placeDep node_modules/@vercel/cli-exec execa@5.1.1 OK for: @vercel/cli-exec@1.0.1 want: 5.1.1
1222 silly fetch manifest onetime@^5.1.2
1223 silly packumentCache full:https://registry.npmjs.org/onetime cache-miss
1224 silly fetch manifest get-stream@^6.0.0
1225 silly packumentCache full:https://registry.npmjs.org/get-stream cache-miss
1226 silly fetch manifest cross-spawn@^7.0.3
1227 silly packumentCache full:https://registry.npmjs.org/cross-spawn cache-miss
1228 silly fetch manifest signal-exit@^3.0.3
1229 silly packumentCache full:https://registry.npmjs.org/signal-exit cache-hit
1230 silly fetch manifest npm-run-path@^4.0.1
1231 silly packumentCache full:https://registry.npmjs.org/npm-run-path cache-miss
1232 silly fetch manifest human-signals@^2.1.0
1233 silly packumentCache full:https://registry.npmjs.org/human-signals cache-miss
1234 http cache https://registry.npmjs.org/npm-run-path 9ms (cache hit)
1235 silly packumentCache full:https://registry.npmjs.org/npm-run-path set size:33596 disposed:false
1236 http cache https://registry.npmjs.org/get-stream 11ms (cache hit)
1237 silly packumentCache full:https://registry.npmjs.org/get-stream set size:57536 disposed:false
1238 http cache https://registry.npmjs.org/cross-spawn 12ms (cache hit)
1239 silly packumentCache full:https://registry.npmjs.org/cross-spawn set size:109066 disposed:false
1240 http cache https://registry.npmjs.org/human-signals 14ms (cache hit)
1241 silly packumentCache full:https://registry.npmjs.org/human-signals set size:47322 disposed:false
1242 http cache https://registry.npmjs.org/onetime 17ms (cache hit)
1243 silly packumentCache full:https://registry.npmjs.org/onetime set size:32314 disposed:false
1244 silly placeDep ROOT @bytecodealliance/preview2-shim@0.17.6 OK for: @vercel/python-analysis@0.13.2 want: 0.17.6
1245 silly placeDep ROOT @renovatebot/pep440@4.2.1 OK for: @vercel/python-analysis@0.13.2 want: 4.2.1
1246 silly placeDep node_modules/@vercel/python-analysis fs-extra@11.1.1 OK for: @vercel/python-analysis@0.13.2 want: 11.1.1
1247 silly placeDep ROOT js-yaml@4.1.1 OK for: @vercel/python-analysis@0.13.2 want: 4.1.1
1248 silly placeDep ROOT minimatch@10.1.1 OK for: @vercel/python-analysis@0.13.2 want: 10.1.1
1249 silly placeDep node_modules/@vercel/python-analysis zod@3.22.4 OK for: @vercel/python-analysis@0.13.2 want: 3.22.4
1250 silly fetch manifest argparse@^2.0.1
1251 silly packumentCache full:https://registry.npmjs.org/argparse cache-miss
1252 silly fetch manifest @isaacs/brace-expansion@^5.0.0
1253 silly packumentCache full:https://registry.npmjs.org/@isaacs%2fbrace-expansion cache-miss
1254 http fetch GET 200 https://registry.npmjs.org/argparse 140ms (cache miss)
1255 silly packumentCache full:https://registry.npmjs.org/argparse set size:undefined disposed:false
1256 http fetch GET 200 https://registry.npmjs.org/@isaacs%2fbrace-expansion 856ms (cache miss)
1257 silly packumentCache full:https://registry.npmjs.org/@isaacs%2fbrace-expansion set size:undefined disposed:false
1258 silly placeDep node_modules/@vercel/redwood semver@6.3.1 OK for: @vercel/redwood@2.5.2 want: 6.3.1
1259 silly placeDep node_modules/@vercel/remix-builder path-to-regexp@6.1.0 OK for: @vercel/remix-builder@5.9.5 want: 6.1.0
1260 silly placeDep node_modules/@vercel/rust execa@5.1.1 OK for: @vercel/rust@1.4.2 want: 5
1261 silly placeDep ROOT @vercel/gatsby-plugin-vercel-analytics@1.0.12 OK for: @vercel/static-build@2.12.7 want: 1.0.12
1262 silly placeDep ROOT @vercel/gatsby-plugin-vercel-builder@2.2.41 OK for: @vercel/static-build@2.12.7 want: 2.2.41
1263 silly fetch manifest web-vitals@0.2.4
1264 silly packumentCache full:https://registry.npmjs.org/web-vitals cache-miss
1265 silly fetch manifest @sinclair/typebox@0.25.24
1266 silly packumentCache full:https://registry.npmjs.org/@sinclair%2ftypebox cache-miss
1267 http fetch GET 200 https://registry.npmjs.org/web-vitals 304ms (cache miss)
1268 silly packumentCache full:https://registry.npmjs.org/web-vitals set size:undefined disposed:false
1269 http fetch GET 200 https://registry.npmjs.org/@sinclair%2ftypebox 392ms (cache miss)
1270 silly packumentCache full:https://registry.npmjs.org/@sinclair%2ftypebox set size:undefined disposed:false
1271 silly placeDep ROOT web-vitals@0.2.4 OK for: @vercel/gatsby-plugin-vercel-analytics@1.0.12 want: 0.2.4
1272 silly placeDep ROOT @sinclair/typebox@0.25.24 OK for: @vercel/gatsby-plugin-vercel-builder@2.2.41 want: 0.25.24
1273 silly placeDep ROOT ajv@8.6.3 OK for: @vercel/static-config@3.4.1 want: 8.6.3
1274 silly placeDep ROOT json-schema-to-ts@1.6.4 OK for: @vercel/static-config@3.4.1 want: 1.6.4
1275 silly fetch manifest uri-js@^4.2.2
1276 silly packumentCache full:https://registry.npmjs.org/uri-js cache-miss
1277 silly fetch manifest fast-deep-equal@^3.1.1
1278 silly packumentCache full:https://registry.npmjs.org/fast-deep-equal cache-miss
1279 silly fetch manifest require-from-string@^2.0.2
1280 silly packumentCache full:https://registry.npmjs.org/require-from-string cache-miss
1281 silly fetch manifest json-schema-traverse@^1.0.0
1282 silly packumentCache full:https://registry.npmjs.org/json-schema-traverse cache-miss
1283 silly fetch manifest ts-toolbelt@^6.15.5
1284 silly packumentCache full:https://registry.npmjs.org/ts-toolbelt cache-miss
1285 silly fetch manifest @types/json-schema@^7.0.6
1286 silly packumentCache full:https://registry.npmjs.org/@types%2fjson-schema cache-miss
1287 http fetch GET 200 https://registry.npmjs.org/uri-js 134ms (cache miss)
1288 silly packumentCache full:https://registry.npmjs.org/uri-js set size:undefined disposed:false
1289 http fetch GET 200 https://registry.npmjs.org/fast-deep-equal 136ms (cache miss)
1290 silly packumentCache full:https://registry.npmjs.org/fast-deep-equal set size:undefined disposed:false
1291 http fetch GET 200 https://registry.npmjs.org/require-from-string 140ms (cache miss)
1292 silly packumentCache full:https://registry.npmjs.org/require-from-string set size:undefined disposed:false
1293 http fetch GET 200 https://registry.npmjs.org/json-schema-traverse 141ms (cache miss)
1294 silly packumentCache full:https://registry.npmjs.org/json-schema-traverse set size:undefined disposed:false
1295 http fetch GET 200 https://registry.npmjs.org/@types%2fjson-schema 189ms (cache miss)
1296 silly packumentCache full:https://registry.npmjs.org/@types%2fjson-schema set size:undefined disposed:false
1297 http fetch GET 200 https://registry.npmjs.org/ts-toolbelt 3445ms (cache miss)
1298 silly packumentCache full:https://registry.npmjs.org/ts-toolbelt set size:undefined disposed:false
1299 silly placeDep ROOT fast-deep-equal@3.1.3 OK for: ajv@8.6.3 want: ^3.1.1
1300 silly placeDep ROOT json-schema-traverse@1.0.0 OK for: ajv@8.6.3 want: ^1.0.0
1301 silly placeDep ROOT require-from-string@2.0.2 OK for: ajv@8.6.3 want: ^2.0.2
1302 silly placeDep ROOT uri-js@4.4.1 OK for: ajv@8.6.3 want: ^4.2.2
1303 silly fetch manifest punycode@^2.1.0
1304 silly packumentCache full:https://registry.npmjs.org/punycode cache-miss
1305 http fetch GET 200 https://registry.npmjs.org/punycode 130ms (cache miss)
1306 silly packumentCache full:https://registry.npmjs.org/punycode set size:undefined disposed:false
1307 silly placeDep ROOT retry@0.13.1 OK for: async-retry@1.3.3 want: 0.13.1
1308 silly placeDep ROOT file-uri-to-path@1.0.0 OK for: bindings@1.5.0 want: 1.0.0
1309 silly placeDep ROOT readdirp@4.1.2 OK for: chokidar@4.0.0 want: ^4.0.1
1310 silly placeDep node_modules/debug ms@2.1.2 OK for: debug@4.3.4 want: 2.1.2
1311 silly placeDep ROOT @edge-runtime/format@2.2.1 OK for: edge-runtime@2.5.9 want: 2.2.1
1312 silly placeDep ROOT @edge-runtime/ponyfill@2.4.2 OK for: edge-runtime@2.5.9 want: 2.4.2
1313 silly placeDep node_modules/edge-runtime async-listen@3.0.1 OK for: edge-runtime@2.5.9 want: 3.0.1
1314 silly placeDep ROOT mri@1.2.0 OK for: edge-runtime@2.5.9 want: 1.2.0
1315 silly placeDep ROOT picocolors@1.0.0 OK for: edge-runtime@2.5.9 want: 1.0.0
1316 silly placeDep ROOT pretty-ms@7.0.1 OK for: edge-runtime@2.5.9 want: 7.0.1
1317 silly placeDep ROOT signal-exit@4.0.2 OK for: edge-runtime@2.5.9 want: 4.0.2
1318 silly placeDep ROOT time-span@4.0.0 OK for: edge-runtime@2.5.9 want: 4.0.0
1319 silly fetch manifest parse-ms@^2.1.0
1320 silly packumentCache full:https://registry.npmjs.org/parse-ms cache-miss
1321 silly fetch manifest convert-hrtime@^3.0.0
1322 silly packumentCache full:https://registry.npmjs.org/convert-hrtime cache-miss
1323 http fetch GET 200 https://registry.npmjs.org/parse-ms 330ms (cache miss)
1324 silly packumentCache full:https://registry.npmjs.org/parse-ms set size:undefined disposed:false
1325 http fetch GET 200 https://registry.npmjs.org/convert-hrtime 346ms (cache miss)
1326 silly packumentCache full:https://registry.npmjs.org/convert-hrtime set size:undefined disposed:false
1327 silly placeDep ROOT @esbuild/aix-ppc64@0.27.0 OK for: esbuild@0.27.0 want: 0.27.0
1328 silly placeDep ROOT @esbuild/android-arm@0.27.0 OK for: esbuild@0.27.0 want: 0.27.0
1329 silly placeDep ROOT @esbuild/android-arm64@0.27.0 OK for: esbuild@0.27.0 want: 0.27.0
1330 silly placeDep ROOT @esbuild/android-x64@0.27.0 OK for: esbuild@0.27.0 want: 0.27.0
1331 silly placeDep ROOT @esbuild/darwin-arm64@0.27.0 OK for: esbuild@0.27.0 want: 0.27.0
1332 silly placeDep ROOT @esbuild/darwin-x64@0.27.0 OK for: esbuild@0.27.0 want: 0.27.0
1333 silly placeDep ROOT @esbuild/freebsd-arm64@0.27.0 OK for: esbuild@0.27.0 want: 0.27.0
1334 silly placeDep ROOT @esbuild/freebsd-x64@0.27.0 OK for: esbuild@0.27.0 want: 0.27.0
1335 silly placeDep ROOT @esbuild/linux-arm@0.27.0 OK for: esbuild@0.27.0 want: 0.27.0
1336 silly placeDep ROOT @esbuild/linux-arm64@0.27.0 OK for: esbuild@0.27.0 want: 0.27.0
1337 silly placeDep ROOT @esbuild/linux-ia32@0.27.0 OK for: esbuild@0.27.0 want: 0.27.0
1338 silly placeDep ROOT @esbuild/linux-loong64@0.27.0 OK for: esbuild@0.27.0 want: 0.27.0
1339 silly placeDep ROOT @esbuild/linux-mips64el@0.27.0 OK for: esbuild@0.27.0 want: 0.27.0
1340 silly placeDep ROOT @esbuild/linux-ppc64@0.27.0 OK for: esbuild@0.27.0 want: 0.27.0
1341 silly placeDep ROOT @esbuild/linux-riscv64@0.27.0 OK for: esbuild@0.27.0 want: 0.27.0
1342 silly placeDep ROOT @esbuild/linux-s390x@0.27.0 OK for: esbuild@0.27.0 want: 0.27.0
1343 silly placeDep ROOT @esbuild/linux-x64@0.27.0 OK for: esbuild@0.27.0 want: 0.27.0
1344 silly placeDep ROOT @esbuild/netbsd-arm64@0.27.0 OK for: esbuild@0.27.0 want: 0.27.0
1345 silly placeDep ROOT @esbuild/netbsd-x64@0.27.0 OK for: esbuild@0.27.0 want: 0.27.0
1346 silly placeDep ROOT @esbuild/openbsd-arm64@0.27.0 OK for: esbuild@0.27.0 want: 0.27.0
1347 silly placeDep ROOT @esbuild/openbsd-x64@0.27.0 OK for: esbuild@0.27.0 want: 0.27.0
1348 silly placeDep ROOT @esbuild/openharmony-arm64@0.27.0 OK for: esbuild@0.27.0 want: 0.27.0
1349 silly placeDep ROOT @esbuild/sunos-x64@0.27.0 OK for: esbuild@0.27.0 want: 0.27.0
1350 silly placeDep ROOT @esbuild/win32-arm64@0.27.0 OK for: esbuild@0.27.0 want: 0.27.0
1351 silly placeDep ROOT @esbuild/win32-ia32@0.27.0 OK for: esbuild@0.27.0 want: 0.27.0
1352 silly placeDep ROOT @esbuild/win32-x64@0.27.0 OK for: esbuild@0.27.0 want: 0.27.0
1353 silly placeDep ROOT cross-spawn@7.0.6 OK for: execa@3.2.0 want: ^7.0.0
1354 silly placeDep ROOT get-stream@5.2.0 OK for: execa@3.2.0 want: ^5.0.0
1355 silly placeDep ROOT human-signals@1.1.1 OK for: execa@3.2.0 want: ^1.1.1
1356 silly placeDep ROOT is-stream@2.0.1 OK for: execa@3.2.0 want: ^2.0.0
1357 silly placeDep ROOT merge-stream@2.0.0 OK for: execa@3.2.0 want: ^2.0.0
1358 silly placeDep ROOT npm-run-path@4.0.1 OK for: execa@3.2.0 want: ^4.0.0
1359 silly placeDep ROOT onetime@5.1.2 OK for: execa@3.2.0 want: ^5.1.0
1360 silly placeDep ROOT p-finally@2.0.1 OK for: execa@3.2.0 want: ^2.0.0
1361 silly placeDep node_modules/execa signal-exit@3.0.7 OK for: execa@3.2.0 want: ^3.0.2
1362 silly placeDep ROOT strip-final-newline@2.0.0 OK for: execa@3.2.0 want: ^2.0.0
1363 silly fetch manifest which@^2.0.1
1364 silly packumentCache full:https://registry.npmjs.org/which cache-miss
1365 silly fetch manifest path-key@^3.1.0
1366 silly packumentCache full:https://registry.npmjs.org/path-key cache-miss
1367 silly fetch manifest shebang-command@^2.0.0
1368 silly packumentCache full:https://registry.npmjs.org/shebang-command cache-miss
1369 silly fetch manifest pump@^3.0.0
1370 silly packumentCache full:https://registry.npmjs.org/pump cache-miss
1371 silly fetch manifest path-key@^3.0.0
1372 silly packumentCache full:https://registry.npmjs.org/path-key cache-miss
1373 silly fetch manifest mimic-fn@^2.1.0
1374 silly packumentCache full:https://registry.npmjs.org/mimic-fn cache-miss
1375 http fetch GET 200 https://registry.npmjs.org/shebang-command 103ms (cache miss)
1376 silly packumentCache full:https://registry.npmjs.org/shebang-command set size:undefined disposed:false
1377 http fetch GET 200 https://registry.npmjs.org/path-key 104ms (cache miss)
1378 silly packumentCache full:https://registry.npmjs.org/path-key set size:undefined disposed:false
1379 http fetch GET 200 https://registry.npmjs.org/path-key 108ms (cache miss)
1380 silly packumentCache full:https://registry.npmjs.org/path-key set size:undefined disposed:false
1381 http fetch GET 200 https://registry.npmjs.org/mimic-fn 109ms (cache miss)
1382 silly packumentCache full:https://registry.npmjs.org/mimic-fn set size:undefined disposed:false
1383 http fetch GET 200 https://registry.npmjs.org/which 118ms (cache miss)
1384 silly packumentCache full:https://registry.npmjs.org/which set size:undefined disposed:false
1385 http fetch GET 200 https://registry.npmjs.org/pump 141ms (cache miss)
1386 silly packumentCache full:https://registry.npmjs.org/pump set size:undefined disposed:false
1387 silly placeDep ROOT path-key@3.1.1 OK for: cross-spawn@7.0.6 want: ^3.1.0
1388 silly placeDep ROOT shebang-command@2.0.0 OK for: cross-spawn@7.0.6 want: ^2.0.0
1389 silly placeDep ROOT which@2.0.2 OK for: cross-spawn@7.0.6 want: ^2.0.1
1390 silly fetch manifest shebang-regex@^3.0.0
1391 silly packumentCache full:https://registry.npmjs.org/shebang-regex cache-miss
1392 silly fetch manifest isexe@^2.0.0
1393 silly packumentCache full:https://registry.npmjs.org/isexe cache-miss
1394 http fetch GET 200 https://registry.npmjs.org/shebang-regex 113ms (cache miss)
1395 silly packumentCache full:https://registry.npmjs.org/shebang-regex set size:undefined disposed:false
1396 http fetch GET 200 https://registry.npmjs.org/isexe 114ms (cache miss)
1397 silly packumentCache full:https://registry.npmjs.org/isexe set size:undefined disposed:false
1398 silly placeDep ROOT jsonfile@6.2.1 OK for: fs-extra@11.1.0 want: ^6.0.1
1399 silly placeDep ROOT universalify@2.0.1 OK for: fs-extra@11.1.0 want: ^2.0.0
1400 silly placeDep ROOT pump@3.0.4 OK for: get-stream@5.2.0 want: ^3.0.0
1401 silly fetch manifest end-of-stream@^1.1.0
1402 silly packumentCache full:https://registry.npmjs.org/end-of-stream cache-miss
1403 silly fetch manifest once@^1.3.1
1404 silly packumentCache full:https://registry.npmjs.org/once cache-miss
1405 http cache https://registry.npmjs.org/end-of-stream 5ms (cache hit)
1406 silly packumentCache full:https://registry.npmjs.org/end-of-stream set size:27842 disposed:false
1407 http fetch GET 200 https://registry.npmjs.org/once 243ms (cache miss)
1408 silly packumentCache full:https://registry.npmjs.org/once set size:undefined disposed:false
1409 silly placeDep node_modules/glob minimatch@10.2.6 OK for: glob@13.0.6 want: ^10.2.2
1410 silly placeDep ROOT minipass@7.1.3 OK for: glob@13.0.6 want: ^7.1.3
1411 silly placeDep ROOT path-scurry@2.0.2 OK for: glob@13.0.6 want: ^2.0.2
1412 silly fetch manifest brace-expansion@^5.0.8
1413 silly packumentCache full:https://registry.npmjs.org/brace-expansion cache-miss
1414 silly fetch manifest lru-cache@^11.0.0
1415 silly packumentCache full:https://registry.npmjs.org/lru-cache cache-miss
1416 http cache https://registry.npmjs.org/lru-cache 8ms (cache hit)
1417 silly packumentCache full:https://registry.npmjs.org/lru-cache set size:460407 disposed:false
1418 http fetch GET 200 https://registry.npmjs.org/brace-expansion 101ms (cache miss)
1419 silly packumentCache full:https://registry.npmjs.org/brace-expansion set size:undefined disposed:false
1420 silly placeDep ROOT agent-base@7.1.4 OK for: https-proxy-agent@7.0.6 want: ^7.1.2
1421 silly placeDep ROOT argparse@2.0.1 OK for: js-yaml@4.1.1 want: ^2.0.1
1422 silly placeDep ROOT @types/json-schema@7.0.15 OK for: json-schema-to-ts@1.6.4 want: ^7.0.6
1423 silly placeDep ROOT ts-toolbelt@6.15.5 OK for: json-schema-to-ts@1.6.4 want: ^6.15.5
1424 silly placeDep ROOT arg@4.1.0 OK for: micro@9.3.5-canary.3 want: 4.1.0
1425 silly placeDep ROOT content-type@1.0.4 OK for: micro@9.3.5-canary.3 want: 1.0.4
1426 silly placeDep ROOT raw-body@2.4.1 OK for: micro@9.3.5-canary.3 want: 2.4.1
1427 silly fetch manifest bytes@3.1.0
1428 silly packumentCache full:https://registry.npmjs.org/bytes cache-miss
1429 silly fetch manifest unpipe@1.0.0
1430 silly packumentCache full:https://registry.npmjs.org/unpipe cache-miss
1431 silly fetch manifest iconv-lite@0.4.24
1432 silly packumentCache full:https://registry.npmjs.org/iconv-lite cache-miss
1433 silly fetch manifest http-errors@1.7.3
1434 silly packumentCache full:https://registry.npmjs.org/http-errors cache-miss
1435 http fetch GET 200 https://registry.npmjs.org/bytes 92ms (cache miss)
1436 silly packumentCache full:https://registry.npmjs.org/bytes set size:undefined disposed:false
1437 http fetch GET 200 https://registry.npmjs.org/unpipe 92ms (cache miss)
1438 silly packumentCache full:https://registry.npmjs.org/unpipe set size:undefined disposed:false
1439 http fetch GET 200 https://registry.npmjs.org/http-errors 118ms (cache miss)
1440 silly packumentCache full:https://registry.npmjs.org/http-errors set size:undefined disposed:false
1441 http fetch GET 200 https://registry.npmjs.org/iconv-lite 127ms (cache miss)
1442 silly packumentCache full:https://registry.npmjs.org/iconv-lite set size:undefined disposed:false
1443 silly placeDep ROOT mime-db@1.52.0 OK for: mime-types@2.1.35 want: 1.52.0
1444 silly placeDep ROOT @isaacs/brace-expansion@5.0.1 OK for: minimatch@10.1.1 want: ^5.0.0
1445 silly fetch manifest @isaacs/balanced-match@^4.0.1
1446 silly packumentCache full:https://registry.npmjs.org/@isaacs%2fbalanced-match cache-miss
1447 http fetch GET 200 https://registry.npmjs.org/@isaacs%2fbalanced-match 875ms (cache miss)
1448 silly packumentCache full:https://registry.npmjs.org/@isaacs%2fbalanced-match set size:undefined disposed:false
1449 silly placeDep ROOT @isaacs/balanced-match@4.0.1 OK for: @isaacs/brace-expansion@5.0.1 want: ^4.0.1
1450 silly placeDep ROOT whatwg-url@5.0.0 OK for: node-fetch@2.6.7 want: ^5.0.0
1451 silly fetch manifest tr46@~0.0.3
1452 silly packumentCache full:https://registry.npmjs.org/tr46 cache-miss
1453 silly fetch manifest webidl-conversions@^3.0.0
1454 silly packumentCache full:https://registry.npmjs.org/webidl-conversions cache-miss
1455 http fetch GET 200 https://registry.npmjs.org/webidl-conversions 117ms (cache miss)
1456 silly packumentCache full:https://registry.npmjs.org/webidl-conversions set size:undefined disposed:false
1457 http fetch GET 200 https://registry.npmjs.org/tr46 160ms (cache miss)
1458 silly packumentCache full:https://registry.npmjs.org/tr46 set size:undefined disposed:false
1459 silly placeDep ROOT abbrev@3.0.1 OK for: nopt@8.1.0 want: ^3.0.0
1460 silly placeDep ROOT mimic-fn@2.1.0 OK for: onetime@5.1.2 want: ^2.1.0
1461 silly placeDep ROOT define-lazy-prop@2.0.0 OK for: open@8.4.0 want: ^2.0.0
1462 silly placeDep ROOT is-docker@2.2.1 OK for: open@8.4.0 want: ^2.1.1
1463 silly placeDep ROOT is-wsl@2.2.0 OK for: open@8.4.0 want: ^2.2.0
1464 silly placeDep ROOT @oxc-transform/binding-android-arm-eabi@0.111.0 OK for: oxc-transform@0.111.0 want: 0.111.0
1465 silly placeDep ROOT @oxc-transform/binding-android-arm64@0.111.0 OK for: oxc-transform@0.111.0 want: 0.111.0
1466 silly placeDep ROOT @oxc-transform/binding-darwin-arm64@0.111.0 OK for: oxc-transform@0.111.0 want: 0.111.0
1467 silly placeDep ROOT @oxc-transform/binding-darwin-x64@0.111.0 OK for: oxc-transform@0.111.0 want: 0.111.0
1468 silly placeDep ROOT @oxc-transform/binding-freebsd-x64@0.111.0 OK for: oxc-transform@0.111.0 want: 0.111.0
1469 silly placeDep ROOT @oxc-transform/binding-linux-arm-gnueabihf@0.111.0 OK for: oxc-transform@0.111.0 want: 0.111.0
1470 silly placeDep ROOT @oxc-transform/binding-linux-arm-musleabihf@0.111.0 OK for: oxc-transform@0.111.0 want: 0.111.0
1471 silly placeDep ROOT @oxc-transform/binding-linux-arm64-gnu@0.111.0 OK for: oxc-transform@0.111.0 want: 0.111.0
1472 silly placeDep ROOT @oxc-transform/binding-linux-arm64-musl@0.111.0 OK for: oxc-transform@0.111.0 want: 0.111.0
1473 silly placeDep ROOT @oxc-transform/binding-linux-ppc64-gnu@0.111.0 OK for: oxc-transform@0.111.0 want: 0.111.0
1474 silly placeDep ROOT @oxc-transform/binding-linux-riscv64-gnu@0.111.0 OK for: oxc-transform@0.111.0 want: 0.111.0
1475 silly placeDep ROOT @oxc-transform/binding-linux-riscv64-musl@0.111.0 OK for: oxc-transform@0.111.0 want: 0.111.0
1476 silly placeDep ROOT @oxc-transform/binding-linux-s390x-gnu@0.111.0 OK for: oxc-transform@0.111.0 want: 0.111.0
1477 silly placeDep ROOT @oxc-transform/binding-linux-x64-gnu@0.111.0 OK for: oxc-transform@0.111.0 want: 0.111.0
1478 silly placeDep ROOT @oxc-transform/binding-linux-x64-musl@0.111.0 OK for: oxc-transform@0.111.0 want: 0.111.0
1479 silly placeDep ROOT @oxc-transform/binding-openharmony-arm64@0.111.0 OK for: oxc-transform@0.111.0 want: 0.111.0
1480 silly placeDep ROOT @oxc-transform/binding-wasm32-wasi@0.111.0 OK for: oxc-transform@0.111.0 want: 0.111.0
1481 silly placeDep ROOT @oxc-transform/binding-win32-arm64-msvc@0.111.0 OK for: oxc-transform@0.111.0 want: 0.111.0
1482 silly placeDep ROOT @oxc-transform/binding-win32-ia32-msvc@0.111.0 OK for: oxc-transform@0.111.0 want: 0.111.0
1483 silly placeDep ROOT @oxc-transform/binding-win32-x64-msvc@0.111.0 OK for: oxc-transform@0.111.0 want: 0.111.0
1484 silly fetch manifest @napi-rs/wasm-runtime@^1.1.1
1485 silly packumentCache full:https://registry.npmjs.org/@napi-rs%2fwasm-runtime cache-miss
1486 http fetch GET 200 https://registry.npmjs.org/@napi-rs%2fwasm-runtime 382ms (cache miss)
1487 silly packumentCache full:https://registry.npmjs.org/@napi-rs%2fwasm-runtime set size:undefined disposed:false
1488 silly fetch manifest @emnapi/core@^1.7.1 || ^2.0.0-alpha.4
1489 silly packumentCache full:https://registry.npmjs.org/@emnapi%2fcore cache-miss
1490 http fetch GET 200 https://registry.npmjs.org/@emnapi%2fcore 112ms (cache miss)
1491 silly packumentCache full:https://registry.npmjs.org/@emnapi%2fcore set size:undefined disposed:false
1492 silly fetch manifest @emnapi/runtime@^1.7.1 || ^2.0.0-alpha.4
1493 silly packumentCache full:https://registry.npmjs.org/@emnapi%2fruntime cache-miss
1494 http fetch GET 200 https://registry.npmjs.org/@emnapi%2fruntime 144ms (cache revalidated)
1495 silly packumentCache full:https://registry.npmjs.org/@emnapi%2fruntime set size:125040 disposed:false
1496 silly placeDep ROOT @napi-rs/wasm-runtime@1.2.3 OK for: @oxc-transform/binding-wasm32-wasi@0.111.0 want: ^1.1.1
1497 silly placeDep ROOT @emnapi/core@1.11.3 OK for: @napi-rs/wasm-runtime@1.2.3 want: ^1.7.1 || ^2.0.0-alpha.4
1498 silly placeDep ROOT @emnapi/runtime@1.11.3 OK for: @napi-rs/wasm-runtime@1.2.3 want: ^1.7.1 || ^2.0.0-alpha.4
1499 silly fetch manifest @tybys/wasm-util@^0.10.3
1500 silly packumentCache full:https://registry.npmjs.org/@tybys%2fwasm-util cache-miss
1501 silly fetch manifest tslib@^2.4.0
1502 silly packumentCache full:https://registry.npmjs.org/tslib cache-miss
1503 silly fetch manifest tslib@^2.4.0
1504 silly packumentCache full:https://registry.npmjs.org/tslib cache-miss
1505 silly fetch manifest @emnapi/wasi-threads@1.2.3
1506 silly packumentCache full:https://registry.npmjs.org/@emnapi%2fwasi-threads cache-miss
1507 http fetch GET 200 https://registry.npmjs.org/tslib 94ms (cache revalidated)
1508 silly packumentCache full:https://registry.npmjs.org/tslib set size:108843 disposed:false
1509 http fetch GET 200 https://registry.npmjs.org/@emnapi%2fwasi-threads 97ms (cache miss)
1510 silly packumentCache full:https://registry.npmjs.org/@emnapi%2fwasi-threads set size:undefined disposed:false
1511 http fetch GET 200 https://registry.npmjs.org/tslib 102ms (cache revalidated)
1512 silly packumentCache full:https://registry.npmjs.org/tslib set size:108843 disposed:false
1513 silly packumentCache full:https://registry.npmjs.org/tslib dispose
1514 http fetch GET 200 https://registry.npmjs.org/@tybys%2fwasm-util 107ms (cache miss)
1515 silly packumentCache full:https://registry.npmjs.org/@tybys%2fwasm-util set size:undefined disposed:false
1516 silly placeDep ROOT @emnapi/wasi-threads@1.2.3 OK for: @emnapi/core@1.11.3 want: 1.2.3
1517 silly placeDep ROOT tslib@2.8.1 OK for: @emnapi/core@1.11.3 want: ^2.4.0
1518 silly placeDep ROOT @tybys/wasm-util@0.10.3 OK for: @napi-rs/wasm-runtime@1.2.3 want: ^0.10.3
1519 silly placeDep ROOT lru-cache@11.5.2 OK for: path-scurry@2.0.2 want: ^11.0.0
1520 silly placeDep ROOT parse-ms@2.1.0 OK for: pretty-ms@7.0.1 want: ^2.1.0
1521 silly placeDep ROOT end-of-stream@1.4.5 OK for: pump@3.0.4 want: ^1.1.0
1522 silly placeDep ROOT once@1.4.0 OK for: pump@3.0.4 want: ^1.3.1
1523 silly fetch manifest once@^1.4.0
1524 silly packumentCache full:https://registry.npmjs.org/once cache-miss
1525 silly fetch manifest wrappy@1
1526 silly packumentCache full:https://registry.npmjs.org/wrappy cache-miss
1527 http cache https://registry.npmjs.org/once 6ms (cache hit)
1528 silly packumentCache full:https://registry.npmjs.org/once set size:11752 disposed:false
1529 http fetch GET 200 https://registry.npmjs.org/wrappy 105ms (cache miss)
1530 silly packumentCache full:https://registry.npmjs.org/wrappy set size:undefined disposed:false
1531 silly placeDep ROOT wrappy@1.0.2 OK for: once@1.4.0 want: 1
1532 silly placeDep ROOT bytes@3.1.0 OK for: raw-body@2.4.1 want: 3.1.0
1533 silly placeDep ROOT http-errors@1.7.3 OK for: raw-body@2.4.1 want: 1.7.3
1534 silly placeDep ROOT iconv-lite@0.4.24 OK for: raw-body@2.4.1 want: 0.4.24
1535 silly placeDep ROOT unpipe@1.0.0 OK for: raw-body@2.4.1 want: 1.0.0
1536 silly fetch manifest depd@~1.1.2
1537 silly packumentCache full:https://registry.npmjs.org/depd cache-miss
1538 silly fetch manifest inherits@2.0.4
1539 silly packumentCache full:https://registry.npmjs.org/inherits cache-miss
1540 silly fetch manifest statuses@>= 1.5.0 < 2
1541 silly packumentCache full:https://registry.npmjs.org/statuses cache-miss
1542 silly fetch manifest toidentifier@1.0.0
1543 silly packumentCache full:https://registry.npmjs.org/toidentifier cache-miss
1544 silly fetch manifest setprototypeof@1.1.1
1545 silly packumentCache full:https://registry.npmjs.org/setprototypeof cache-miss
1546 silly fetch manifest safer-buffer@>= 2.1.2 < 3
1547 silly packumentCache full:https://registry.npmjs.org/safer-buffer cache-miss
1548 http fetch GET 200 https://registry.npmjs.org/inherits 88ms (cache miss)
1549 silly packumentCache full:https://registry.npmjs.org/inherits set size:undefined disposed:false
1550 http fetch GET 200 https://registry.npmjs.org/depd 116ms (cache miss)
1551 silly packumentCache full:https://registry.npmjs.org/depd set size:undefined disposed:false
1552 http fetch GET 200 https://registry.npmjs.org/statuses 122ms (cache miss)
1553 silly packumentCache full:https://registry.npmjs.org/statuses set size:undefined disposed:false
1554 http fetch GET 200 https://registry.npmjs.org/toidentifier 124ms (cache miss)
1555 silly packumentCache full:https://registry.npmjs.org/toidentifier set size:undefined disposed:false
1556 http fetch GET 200 https://registry.npmjs.org/setprototypeof 334ms (cache miss)
1557 silly packumentCache full:https://registry.npmjs.org/setprototypeof set size:undefined disposed:false
1558 http fetch GET 200 https://registry.npmjs.org/safer-buffer 362ms (cache miss)
1559 silly packumentCache full:https://registry.npmjs.org/safer-buffer set size:undefined disposed:false
1560 silly placeDep ROOT depd@1.1.2 OK for: http-errors@1.7.3 want: ~1.1.2
1561 silly placeDep ROOT inherits@2.0.4 OK for: http-errors@1.7.3 want: 2.0.4
1562 silly placeDep ROOT setprototypeof@1.1.1 OK for: http-errors@1.7.3 want: 1.1.1
1563 silly placeDep ROOT statuses@1.5.0 OK for: http-errors@1.7.3 want: >= 1.5.0 < 2
1564 silly placeDep ROOT toidentifier@1.0.0 OK for: http-errors@1.7.3 want: 1.0.0
1565 silly placeDep ROOT safer-buffer@2.1.2 OK for: iconv-lite@0.4.24 want: >= 2.1.2 < 3
1566 silly placeDep ROOT @oxc-project/types@0.110.0 OK for: rolldown@1.0.0-rc.1 want: =0.110.0
1567 silly placeDep ROOT @rolldown/binding-android-arm64@1.0.0-rc.1 OK for: rolldown@1.0.0-rc.1 want: 1.0.0-rc.1
1568 silly placeDep ROOT @rolldown/binding-darwin-arm64@1.0.0-rc.1 OK for: rolldown@1.0.0-rc.1 want: 1.0.0-rc.1
1569 silly placeDep ROOT @rolldown/binding-darwin-x64@1.0.0-rc.1 OK for: rolldown@1.0.0-rc.1 want: 1.0.0-rc.1
1570 silly placeDep ROOT @rolldown/binding-freebsd-x64@1.0.0-rc.1 OK for: rolldown@1.0.0-rc.1 want: 1.0.0-rc.1
1571 silly placeDep ROOT @rolldown/binding-linux-arm-gnueabihf@1.0.0-rc.1 OK for: rolldown@1.0.0-rc.1 want: 1.0.0-rc.1
1572 silly placeDep ROOT @rolldown/binding-linux-arm64-gnu@1.0.0-rc.1 OK for: rolldown@1.0.0-rc.1 want: 1.0.0-rc.1
1573 silly placeDep ROOT @rolldown/binding-linux-arm64-musl@1.0.0-rc.1 OK for: rolldown@1.0.0-rc.1 want: 1.0.0-rc.1
1574 silly placeDep ROOT @rolldown/binding-linux-x64-gnu@1.0.0-rc.1 OK for: rolldown@1.0.0-rc.1 want: 1.0.0-rc.1
1575 silly placeDep ROOT @rolldown/binding-linux-x64-musl@1.0.0-rc.1 OK for: rolldown@1.0.0-rc.1 want: 1.0.0-rc.1
1576 silly placeDep ROOT @rolldown/binding-openharmony-arm64@1.0.0-rc.1 OK for: rolldown@1.0.0-rc.1 want: 1.0.0-rc.1
1577 silly placeDep ROOT @rolldown/binding-wasm32-wasi@1.0.0-rc.1 OK for: rolldown@1.0.0-rc.1 want: 1.0.0-rc.1
1578 silly placeDep ROOT @rolldown/binding-win32-arm64-msvc@1.0.0-rc.1 OK for: rolldown@1.0.0-rc.1 want: 1.0.0-rc.1
1579 silly placeDep ROOT @rolldown/binding-win32-x64-msvc@1.0.0-rc.1 OK for: rolldown@1.0.0-rc.1 want: 1.0.0-rc.1
1580 silly placeDep ROOT @rolldown/pluginutils@1.0.0-rc.1 OK for: rolldown@1.0.0-rc.1 want: 1.0.0-rc.1
1581 silly fetch manifest bufferutil@^4.0.1
1582 silly packumentCache full:https://registry.npmjs.org/bufferutil cache-miss
1583 http fetch GET 200 https://registry.npmjs.org/bufferutil 95ms (cache miss)
1584 silly packumentCache full:https://registry.npmjs.org/bufferutil set size:undefined disposed:false
1585 silly fetch manifest utf-8-validate@>=5.0.2
1586 silly packumentCache full:https://registry.npmjs.org/utf-8-validate cache-miss
1587 http fetch GET 200 https://registry.npmjs.org/utf-8-validate 104ms (cache miss)
1588 silly packumentCache full:https://registry.npmjs.org/utf-8-validate set size:undefined disposed:false
1589 silly placeDep ROOT @vercel/sandbox@2.4.0 OK for: sandbox@3.4.0 want: 2.4.0
1590 silly placeDep node_modules/sandbox debug@4.4.3 OK for: sandbox@3.4.0 want: ^4.4.1
1591 silly placeDep ROOT ws@8.21.3 OK for: sandbox@3.4.0 want: ^8.21.0
1592 silly fetch manifest ms@2.1.3
1593 silly packumentCache full:https://registry.npmjs.org/ms cache-hit
1594 silly fetch manifest jose@6.2.3
1595 silly packumentCache full:https://registry.npmjs.org/jose cache-miss
1596 silly fetch manifest undici@^7.27.1
1597 silly packumentCache full:https://registry.npmjs.org/undici cache-miss
1598 silly fetch manifest jsonlines@0.1.1
1599 silly packumentCache full:https://registry.npmjs.org/jsonlines cache-miss
1600 silly fetch manifest picocolors@^1.1.1
1601 silly packumentCache full:https://registry.npmjs.org/picocolors cache-hit
1602 silly fetch manifest tar-stream@3.1.7
1603 silly packumentCache full:https://registry.npmjs.org/tar-stream cache-miss
1604 silly fetch manifest @vercel/oidc@3.2.0
1605 silly packumentCache full:https://registry.npmjs.org/@vercel%2foidc cache-miss
1606 silly fetch manifest @workflow/serde@4.1.0-beta.2
1607 silly packumentCache full:https://registry.npmjs.org/@workflow%2fserde cache-miss
1608 silly fetch manifest ms@^2.1.3
1609 silly packumentCache full:https://registry.npmjs.org/ms cache-hit
1610 http cache https://registry.npmjs.org/@vercel%2foidc 14ms (cache hit)
1611 silly packumentCache full:https://registry.npmjs.org/@vercel%2foidc set size:90895 disposed:false
1612 http cache https://registry.npmjs.org/jose 19ms (cache hit)
1613 silly packumentCache full:https://registry.npmjs.org/jose set size:1446624 disposed:false
1614 http cache https://registry.npmjs.org/undici 29ms (cache hit)
1615 silly packumentCache full:https://registry.npmjs.org/undici set size:1531430 disposed:false
1616 http fetch GET 200 https://registry.npmjs.org/tar-stream 136ms (cache miss)
1617 silly packumentCache full:https://registry.npmjs.org/tar-stream set size:undefined disposed:false
1618 http fetch GET 200 https://registry.npmjs.org/jsonlines 353ms (cache miss)
1619 silly packumentCache full:https://registry.npmjs.org/jsonlines set size:undefined disposed:false
1620 http fetch GET 200 https://registry.npmjs.org/@workflow%2fserde 665ms (cache miss)
1621 silly packumentCache full:https://registry.npmjs.org/@workflow%2fserde set size:undefined disposed:false
1622 silly placeDep node_modules/@vercel/sandbox @vercel/oidc@3.2.0 OK for: @vercel/sandbox@2.4.0 want: 3.2.0
1623 silly placeDep ROOT @workflow/serde@4.1.0-beta.2 OK for: @vercel/sandbox@2.4.0 want: 4.1.0-beta.2
1624 silly placeDep node_modules/@vercel/sandbox jose@6.2.3 OK for: @vercel/sandbox@2.4.0 want: 6.2.3
1625 silly placeDep ROOT jsonlines@0.1.1 OK for: @vercel/sandbox@2.4.0 want: 0.1.1
1626 silly placeDep node_modules/@vercel/sandbox ms@2.1.3 OK for: @vercel/sandbox@2.4.0 want: 2.1.3
1627 silly placeDep node_modules/@vercel/sandbox picocolors@1.1.1 OK for: @vercel/sandbox@2.4.0 want: ^1.1.1
1628 silly placeDep ROOT tar-stream@3.1.7 OK for: @vercel/sandbox@2.4.0 want: 3.1.7
1629 silly placeDep node_modules/@vercel/sandbox undici@7.29.0 OK for: @vercel/sandbox@2.4.0 want: ^7.27.1
1630 silly placeDep node_modules/@vercel/sandbox xdg-app-paths@5.1.0 OK for: @vercel/sandbox@2.4.0 want: 5.1.0
1631 silly fetch manifest b4a@^1.6.4
1632 silly packumentCache full:https://registry.npmjs.org/b4a cache-miss
1633 silly fetch manifest streamx@^2.15.0
1634 silly packumentCache full:https://registry.npmjs.org/streamx cache-miss
1635 silly fetch manifest fast-fifo@^1.2.0
1636 silly packumentCache full:https://registry.npmjs.org/fast-fifo cache-miss
1637 http fetch GET 200 https://registry.npmjs.org/fast-fifo 178ms (cache miss)
1638 silly packumentCache full:https://registry.npmjs.org/fast-fifo set size:undefined disposed:false
1639 http fetch GET 200 https://registry.npmjs.org/b4a 185ms (cache miss)
1640 silly packumentCache full:https://registry.npmjs.org/b4a set size:undefined disposed:false
1641 http fetch GET 200 https://registry.npmjs.org/streamx 189ms (cache miss)
1642 silly packumentCache full:https://registry.npmjs.org/streamx set size:undefined disposed:false
1643 silly placeDep node_modules/semver lru-cache@6.0.0 OK for: semver@7.5.4 want: ^6.0.0
1644 silly fetch manifest yallist@^4.0.0
1645 silly packumentCache full:https://registry.npmjs.org/yallist cache-miss
1646 http cache https://registry.npmjs.org/yallist 7ms (cache hit)
1647 silly packumentCache full:https://registry.npmjs.org/yallist set size:34610 disposed:false
1648 silly placeDep ROOT shebang-regex@3.0.0 OK for: shebang-command@2.0.0 want: ^3.0.0
1649 silly placeDep ROOT any-promise@1.3.0 OK for: stream-to-promise@2.2.0 want: ~1.3.0
1650 silly placeDep node_modules/stream-to-promise end-of-stream@1.1.0 OK for: stream-to-promise@2.2.0 want: ~1.1.0
1651 silly placeDep ROOT stream-to-array@2.3.0 OK for: stream-to-promise@2.2.0 want: ~2.3.0
1652 silly fetch manifest once@~1.3.0
1653 silly packumentCache full:https://registry.npmjs.org/once cache-hit
1654 silly placeDep ROOT @isaacs/fs-minipass@4.0.1 OK for: tar@7.5.7 want: ^4.0.0
1655 silly placeDep ROOT chownr@3.0.0 OK for: tar@7.5.7 want: ^3.0.0
1656 silly placeDep ROOT minizlib@3.1.0 OK for: tar@7.5.7 want: ^3.1.0
1657 silly placeDep ROOT yallist@5.0.0 OK for: tar@7.5.7 want: ^5.0.0
1658 silly fetch manifest react-native-b4a@*
1659 silly packumentCache full:https://registry.npmjs.org/react-native-b4a cache-miss
1660 http fetch GET 200 https://registry.npmjs.org/react-native-b4a 108ms (cache miss)
1661 silly packumentCache full:https://registry.npmjs.org/react-native-b4a set size:undefined disposed:false
1662 silly fetch manifest react@*
1663 silly packumentCache full:https://registry.npmjs.org/react cache-miss
1664 http fetch GET 200 https://registry.npmjs.org/react 136ms (cache revalidated)
1665 silly packumentCache full:https://registry.npmjs.org/react set size:6897881 disposed:false
1666 silly fetch manifest react-native@*
1667 silly packumentCache full:https://registry.npmjs.org/react-native cache-miss
1668 http fetch GET 200 https://registry.npmjs.org/react-native 1279ms (cache miss)
1669 silly packumentCache full:https://registry.npmjs.org/react-native set size:undefined disposed:false
1670 silly fetch manifest @types/react@^19.1.1
1671 silly packumentCache full:https://registry.npmjs.org/@types%2freact cache-miss
1672 http fetch GET 200 https://registry.npmjs.org/@types%2freact 104ms (cache revalidated)
1673 silly packumentCache full:https://registry.npmjs.org/@types%2freact set size:2637439 disposed:false
1674 silly placeDep ROOT b4a@1.8.1 OK for: tar-stream@3.1.7 want: ^1.6.4
1675 silly placeDep ROOT fast-fifo@1.3.2 OK for: tar-stream@3.1.7 want: ^1.2.0
1676 silly placeDep ROOT streamx@2.28.0 OK for: tar-stream@3.1.7 want: ^2.15.0
1677 silly fetch manifest events-universal@^1.0.0
1678 silly packumentCache full:https://registry.npmjs.org/events-universal cache-miss
1679 silly fetch manifest text-decoder@^1.1.0
1680 silly packumentCache full:https://registry.npmjs.org/text-decoder cache-miss
1681 http fetch GET 200 https://registry.npmjs.org/events-universal 149ms (cache miss)
1682 silly packumentCache full:https://registry.npmjs.org/events-universal set size:undefined disposed:false
1683 http fetch GET 200 https://registry.npmjs.org/text-decoder 153ms (cache miss)
1684 silly packumentCache full:https://registry.npmjs.org/text-decoder set size:undefined disposed:false
1685 silly placeDep ROOT events-universal@1.0.1 OK for: streamx@2.28.0 want: ^1.0.0
1686 silly placeDep ROOT text-decoder@1.2.7 OK for: streamx@2.28.0 want: ^1.1.0
1687 silly fetch manifest bare-events@^2.7.0
1688 silly packumentCache full:https://registry.npmjs.org/bare-events cache-miss
1689 http fetch GET 200 https://registry.npmjs.org/bare-events 113ms (cache miss)
1690 silly packumentCache full:https://registry.npmjs.org/bare-events set size:undefined disposed:false
1691 silly fetch manifest bare-abort-controller@*
1692 silly packumentCache full:https://registry.npmjs.org/bare-abort-controller cache-miss
1693 http fetch GET 200 https://registry.npmjs.org/bare-abort-controller 187ms (cache miss)
1694 silly packumentCache full:https://registry.npmjs.org/bare-abort-controller set size:undefined disposed:false
1695 silly placeDep ROOT bare-events@2.9.1 OK for: events-universal@1.0.1 want: ^2.7.0
1696 silly placeDep ROOT convert-hrtime@3.0.0 OK for: time-span@4.0.0 want: ^3.0.0
1697 silly placeDep ROOT @ts-morph/common@0.11.1 OK for: ts-morph@12.0.0 want: ~0.11.0
1698 silly placeDep ROOT code-block-writer@10.1.1 OK for: ts-morph@12.0.0 want: ^10.1.1
1699 silly fetch manifest mkdirp@^1.0.4
1700 silly packumentCache full:https://registry.npmjs.org/mkdirp cache-miss
1701 silly fetch manifest fast-glob@^3.2.7
1702 silly packumentCache full:https://registry.npmjs.org/fast-glob cache-miss
1703 silly fetch manifest minimatch@^3.0.4
1704 silly packumentCache full:https://registry.npmjs.org/minimatch cache-hit
1705 silly fetch manifest path-browserify@^1.0.1
1706 silly packumentCache full:https://registry.npmjs.org/path-browserify cache-miss
1707 http fetch GET 200 https://registry.npmjs.org/mkdirp 129ms (cache miss)
1708 silly packumentCache full:https://registry.npmjs.org/mkdirp set size:undefined disposed:false
1709 http fetch GET 200 https://registry.npmjs.org/fast-glob 160ms (cache miss)
1710 silly packumentCache full:https://registry.npmjs.org/fast-glob set size:undefined disposed:false
1711 http fetch GET 200 https://registry.npmjs.org/path-browserify 402ms (cache miss)
1712 silly packumentCache full:https://registry.npmjs.org/path-browserify set size:undefined disposed:false
1713 silly placeDep ROOT fast-glob@3.3.3 OK for: @ts-morph/common@0.11.1 want: ^3.2.7
1714 silly placeDep node_modules/@ts-morph/common minimatch@3.1.5 OK for: @ts-morph/common@0.11.1 want: ^3.0.4
1715 silly placeDep ROOT mkdirp@1.0.4 OK for: @ts-morph/common@0.11.1 want: ^1.0.4
1716 silly placeDep ROOT path-browserify@1.0.1 OK for: @ts-morph/common@0.11.1 want: ^1.0.1
1717 silly fetch manifest @nodelib/fs.stat@^2.0.2
1718 silly packumentCache full:https://registry.npmjs.org/@nodelib%2ffs.stat cache-miss
1719 silly fetch manifest @nodelib/fs.walk@^1.2.3
1720 silly packumentCache full:https://registry.npmjs.org/@nodelib%2ffs.walk cache-miss
1721 silly fetch manifest glob-parent@^5.1.2
1722 silly packumentCache full:https://registry.npmjs.org/glob-parent cache-miss
1723 silly fetch manifest merge2@^1.3.0
1724 silly packumentCache full:https://registry.npmjs.org/merge2 cache-miss
1725 silly fetch manifest micromatch@^4.0.8
1726 silly packumentCache full:https://registry.npmjs.org/micromatch cache-miss
1727 silly fetch manifest brace-expansion@^1.1.7
1728 silly packumentCache full:https://registry.npmjs.org/brace-expansion cache-miss
1729 http cache https://registry.npmjs.org/brace-expansion 7ms (cache hit)
1730 silly packumentCache full:https://registry.npmjs.org/brace-expansion set size:101024 disposed:false
1731 http fetch GET 200 https://registry.npmjs.org/merge2 99ms (cache miss)
1732 silly packumentCache full:https://registry.npmjs.org/merge2 set size:undefined disposed:false
1733 http fetch GET 200 https://registry.npmjs.org/micromatch 121ms (cache miss)
1734 silly packumentCache full:https://registry.npmjs.org/micromatch set size:undefined disposed:false
1735 http fetch GET 200 https://registry.npmjs.org/glob-parent 130ms (cache miss)
1736 silly packumentCache full:https://registry.npmjs.org/glob-parent set size:undefined disposed:false
1737 http fetch GET 200 https://registry.npmjs.org/@nodelib%2ffs.stat 207ms (cache miss)
1738 silly packumentCache full:https://registry.npmjs.org/@nodelib%2ffs.stat set size:undefined disposed:false
1739 http fetch GET 200 https://registry.npmjs.org/@nodelib%2ffs.walk 619ms (cache miss)
1740 silly packumentCache full:https://registry.npmjs.org/@nodelib%2ffs.walk set size:undefined disposed:false
1741 silly placeDep ROOT @nodelib/fs.stat@2.0.5 OK for: fast-glob@3.3.3 want: ^2.0.2
1742 silly placeDep ROOT @nodelib/fs.walk@1.2.8 OK for: fast-glob@3.3.3 want: ^1.2.3
1743 silly placeDep ROOT glob-parent@5.1.2 OK for: fast-glob@3.3.3 want: ^5.1.2
1744 silly placeDep ROOT merge2@1.4.1 OK for: fast-glob@3.3.3 want: ^1.3.0
1745 silly placeDep ROOT micromatch@4.0.8 OK for: fast-glob@3.3.3 want: ^4.0.8
1746 silly fetch manifest fastq@^1.6.0
1747 silly packumentCache full:https://registry.npmjs.org/fastq cache-miss
1748 silly fetch manifest @nodelib/fs.scandir@2.1.5
1749 silly packumentCache full:https://registry.npmjs.org/@nodelib%2ffs.scandir cache-miss
1750 silly fetch manifest is-glob@^4.0.1
1751 silly packumentCache full:https://registry.npmjs.org/is-glob cache-miss
1752 silly fetch manifest braces@^3.0.3
1753 silly packumentCache full:https://registry.npmjs.org/braces cache-miss
1754 silly fetch manifest picomatch@^2.3.1
1755 silly packumentCache full:https://registry.npmjs.org/picomatch cache-miss
1756 http cache https://registry.npmjs.org/picomatch 10ms (cache hit)
1757 silly packumentCache full:https://registry.npmjs.org/picomatch set size:128942 disposed:false
1758 http fetch GET 200 https://registry.npmjs.org/fastq 96ms (cache miss)
1759 silly packumentCache full:https://registry.npmjs.org/fastq set size:undefined disposed:false
1760 http fetch GET 200 https://registry.npmjs.org/is-glob 109ms (cache miss)
1761 silly packumentCache full:https://registry.npmjs.org/is-glob set size:undefined disposed:false
1762 http fetch GET 200 https://registry.npmjs.org/@nodelib%2ffs.scandir 113ms (cache miss)
1763 silly packumentCache full:https://registry.npmjs.org/@nodelib%2ffs.scandir set size:undefined disposed:false
1764 http fetch GET 200 https://registry.npmjs.org/braces 145ms (cache miss)
1765 silly packumentCache full:https://registry.npmjs.org/braces set size:undefined disposed:false
1766 silly placeDep ROOT @nodelib/fs.scandir@2.1.5 OK for: @nodelib/fs.walk@1.2.8 want: 2.1.5
1767 silly placeDep ROOT fastq@1.20.1 OK for: @nodelib/fs.walk@1.2.8 want: ^1.6.0
1768 silly fetch manifest run-parallel@^1.1.9
1769 silly packumentCache full:https://registry.npmjs.org/run-parallel cache-miss
1770 silly fetch manifest reusify@^1.0.4
1771 silly packumentCache full:https://registry.npmjs.org/reusify cache-miss
1772 http fetch GET 200 https://registry.npmjs.org/reusify 167ms (cache miss)
1773 silly packumentCache full:https://registry.npmjs.org/reusify set size:undefined disposed:false
1774 http fetch GET 200 https://registry.npmjs.org/run-parallel 171ms (cache miss)
1775 silly packumentCache full:https://registry.npmjs.org/run-parallel set size:undefined disposed:false
1776 silly placeDep ROOT run-parallel@1.2.0 OK for: @nodelib/fs.scandir@2.1.5 want: ^1.1.9
1777 silly fetch manifest queue-microtask@^1.2.2
1778 silly packumentCache full:https://registry.npmjs.org/queue-microtask cache-miss
1779 http fetch GET 200 https://registry.npmjs.org/queue-microtask 97ms (cache miss)
1780 silly packumentCache full:https://registry.npmjs.org/queue-microtask set size:undefined disposed:false
1781 silly placeDep ROOT reusify@1.1.0 OK for: fastq@1.20.1 want: ^1.0.4
1782 silly placeDep ROOT is-glob@4.0.3 OK for: glob-parent@5.1.2 want: ^4.0.1
1783 silly fetch manifest is-extglob@^2.1.1
1784 silly packumentCache full:https://registry.npmjs.org/is-extglob cache-miss
1785 http fetch GET 200 https://registry.npmjs.org/is-extglob 101ms (cache miss)
1786 silly packumentCache full:https://registry.npmjs.org/is-extglob set size:undefined disposed:false
1787 silly placeDep ROOT is-extglob@2.1.1 OK for: is-glob@4.0.3 want: ^2.1.1
1788 silly placeDep ROOT braces@3.0.3 OK for: micromatch@4.0.8 want: ^3.0.3
1789 silly placeDep node_modules/micromatch picomatch@2.3.2 OK for: micromatch@4.0.8 want: ^2.3.1
1790 silly fetch manifest fill-range@^7.1.1
1791 silly packumentCache full:https://registry.npmjs.org/fill-range cache-miss
1792 http fetch GET 200 https://registry.npmjs.org/fill-range 118ms (cache miss)
1793 silly packumentCache full:https://registry.npmjs.org/fill-range set size:undefined disposed:false
1794 silly placeDep ROOT fill-range@7.1.1 OK for: braces@3.0.3 want: ^7.1.1
1795 silly fetch manifest to-regex-range@^5.0.1
1796 silly packumentCache full:https://registry.npmjs.org/to-regex-range cache-miss
1797 http fetch GET 200 https://registry.npmjs.org/to-regex-range 183ms (cache miss)
1798 silly packumentCache full:https://registry.npmjs.org/to-regex-range set size:undefined disposed:false
1799 silly placeDep ROOT to-regex-range@5.0.1 OK for: fill-range@7.1.1 want: ^5.0.1
1800 silly fetch manifest is-number@^7.0.0
1801 silly packumentCache full:https://registry.npmjs.org/is-number cache-miss
1802 http fetch GET 200 https://registry.npmjs.org/is-number 105ms (cache miss)
1803 silly packumentCache full:https://registry.npmjs.org/is-number set size:undefined disposed:false
1804 silly placeDep ROOT queue-microtask@1.2.3 OK for: run-parallel@1.2.0 want: ^1.2.2
1805 silly placeDep ROOT is-number@7.0.0 OK for: to-regex-range@5.0.1 want: ^7.0.0
1806 silly placeDep ROOT fsevents@2.3.3 OK for: tsx@4.21.0 want: ~2.3.3
1807 silly placeDep ROOT get-tsconfig@4.14.3 OK for: tsx@4.21.0 want: ^4.7.5
1808 silly fetch manifest resolve-pkg-maps@^1.0.0
1809 silly packumentCache full:https://registry.npmjs.org/resolve-pkg-maps cache-miss
1810 http fetch GET 200 https://registry.npmjs.org/resolve-pkg-maps 340ms (cache miss)
1811 silly packumentCache full:https://registry.npmjs.org/resolve-pkg-maps set size:undefined disposed:false
1812 silly placeDep ROOT resolve-pkg-maps@1.0.0 OK for: get-tsconfig@4.14.3 want: ^1.0.0
1813 silly placeDep ROOT @fastify/busboy@2.1.1 OK for: undici@5.29.0 want: ^2.0.0
1814 silly placeDep ROOT punycode@2.3.1 OK for: uri-js@4.4.1 want: ^2.1.0
1815 silly placeDep ROOT tr46@0.0.3 OK for: whatwg-url@5.0.0 want: ~0.0.3
1816 silly placeDep ROOT webidl-conversions@3.0.1 OK for: whatwg-url@5.0.0 want: ^3.0.0
1817 silly placeDep ROOT isexe@2.0.0 OK for: which@2.0.2 want: ^2.0.0
1818 silly placeDep ROOT os-paths@4.4.0 OK for: xdg-app-paths@5.5.1 want: ^4.0.1
1819 silly placeDep ROOT xdg-portable@7.3.0 OK for: xdg-app-paths@5.5.1 want: ^7.2.0
1820 silly placeDep ROOT yauzl@2.10.0 OK for: yauzl-promise@2.1.3 want: ^2.9.1
1821 silly placeDep ROOT yauzl-clone@1.0.4 OK for: yauzl-promise@2.1.3 want: ^1.0.4
1822 silly fetch manifest fd-slicer@~1.1.0
1823 silly packumentCache full:https://registry.npmjs.org/fd-slicer cache-miss
1824 silly fetch manifest buffer-crc32@~0.2.3
1825 silly packumentCache full:https://registry.npmjs.org/buffer-crc32 cache-miss
1826 silly fetch manifest events-intercept@^2.0.0
1827 silly packumentCache full:https://registry.npmjs.org/events-intercept cache-miss
1828 http fetch GET 200 https://registry.npmjs.org/buffer-crc32 117ms (cache miss)
1829 silly packumentCache full:https://registry.npmjs.org/buffer-crc32 set size:undefined disposed:false
1830 http fetch GET 200 https://registry.npmjs.org/fd-slicer 348ms (cache miss)
1831 silly packumentCache full:https://registry.npmjs.org/fd-slicer set size:undefined disposed:false
1832 http fetch GET 200 https://registry.npmjs.org/events-intercept 351ms (cache miss)
1833 silly packumentCache full:https://registry.npmjs.org/events-intercept set size:undefined disposed:false
1834 silly placeDep ROOT buffer-crc32@0.2.13 OK for: yauzl@2.10.0 want: ~0.2.3
1835 silly placeDep ROOT fd-slicer@1.1.0 OK for: yauzl@2.10.0 want: ~1.1.0
1836 silly fetch manifest pend@~1.2.0
1837 silly packumentCache full:https://registry.npmjs.org/pend cache-miss
1838 http fetch GET 200 https://registry.npmjs.org/pend 96ms (cache miss)
1839 silly packumentCache full:https://registry.npmjs.org/pend set size:undefined disposed:false
1840 silly placeDep ROOT pend@1.2.0 OK for: fd-slicer@1.1.0 want: ~1.2.0
1841 silly placeDep ROOT events-intercept@2.0.0 OK for: yauzl-clone@1.0.4 want: ^2.0.0
1842 silly placeDep ROOT brace-expansion@1.1.18 OK for: minimatch@3.1.5 want: ^1.1.7
1843 silly fetch manifest concat-map@0.0.1
1844 silly packumentCache full:https://registry.npmjs.org/concat-map cache-miss
1845 silly fetch manifest balanced-match@^1.0.0
1846 silly packumentCache full:https://registry.npmjs.org/balanced-match cache-miss
1847 http fetch GET 200 https://registry.npmjs.org/concat-map 86ms (cache miss)
1848 silly packumentCache full:https://registry.npmjs.org/concat-map set size:undefined disposed:false
1849 http fetch GET 200 https://registry.npmjs.org/balanced-match 98ms (cache miss)
1850 silly packumentCache full:https://registry.npmjs.org/balanced-match set size:undefined disposed:false
1851 silly placeDep ROOT balanced-match@1.0.2 OK for: brace-expansion@1.1.18 want: ^1.0.0
1852 silly placeDep ROOT concat-map@0.0.1 OK for: brace-expansion@1.1.18 want: 0.0.1
1853 silly placeDep node_modules/@vercel/cli-exec get-stream@6.0.1 OK for: execa@5.1.1 want: ^6.0.0
1854 silly placeDep node_modules/@vercel/cli-exec human-signals@2.1.0 OK for: execa@5.1.1 want: ^2.1.0
1855 silly placeDep node_modules/@vercel/cli-exec signal-exit@3.0.7 OK for: execa@5.1.1 want: ^3.0.3
1856 silly placeDep node_modules/@vercel/rust get-stream@6.0.1 OK for: execa@5.1.1 want: ^6.0.0
1857 silly placeDep node_modules/@vercel/rust human-signals@2.1.0 OK for: execa@5.1.1 want: ^2.1.0
1858 silly placeDep node_modules/@vercel/rust signal-exit@3.0.7 OK for: execa@5.1.1 want: ^3.0.3
1859 silly placeDep node_modules/glob brace-expansion@5.0.9 OK for: minimatch@10.2.6 want: ^5.0.8
1860 silly fetch manifest balanced-match@^4.0.2
1861 silly packumentCache full:https://registry.npmjs.org/balanced-match cache-miss
1862 http cache https://registry.npmjs.org/balanced-match 5ms (cache hit)
1863 silly packumentCache full:https://registry.npmjs.org/balanced-match set size:39082 disposed:false
1864 silly placeDep node_modules/glob balanced-match@4.0.4 OK for: brace-expansion@5.0.9 want: ^4.0.2
1865 silly placeDep node_modules/sandbox ms@2.1.3 OK for: debug@4.4.3 want: ^2.1.3
1866 silly placeDep node_modules/semver yallist@4.0.0 OK for: lru-cache@6.0.0 want: ^4.0.0
1867 silly placeDep node_modules/stream-to-promise once@1.3.3 OK for: end-of-stream@1.1.0 want: ~1.3.0
1868 silly reify moves {}
1869 silly audit bulk request {
1869 silly audit   vercel: [ '59.1.4' ],
1869 silly audit   '@vercel/backends': [ '0.8.38' ],
1869 silly audit   '@vercel/blob': [ '2.8.0' ],
1869 silly audit   '@vercel/build-utils': [ '14.1.1' ],
1869 silly audit   '@vercel/cli-auth': [ '0.3.4' ],
1869 silly audit   '@vercel/cli-config': [ '0.2.3' ],
1869 silly audit   '@vercel/container': [ '0.2.0' ],
1869 silly audit   '@vercel/detect-agent': [ '1.2.5' ],
1869 silly audit   '@vercel/elysia': [ '0.1.115' ],
1869 silly audit   '@vercel/express': [ '0.1.129' ],
1869 silly audit   '@vercel/fastify': [ '0.1.118' ],
1869 silly audit   '@vercel/fun': [ '1.3.0' ],
1869 silly audit   '@vercel/go': [ '3.11.0' ],
1869 silly audit   '@vercel/h3': [ '0.1.124' ],
1869 silly audit   '@vercel/hono': [ '0.2.118' ],
1869 silly audit   '@vercel/hydrogen': [ '1.4.2' ],
1869 silly audit   '@vercel/koa': [ '0.1.98' ],
1869 silly audit   '@vercel/nestjs': [ '0.2.119' ],
1869 silly audit   '@vercel/next': [ '4.21.6' ],
1869 silly audit   '@vercel/node': [ '5.10.1' ],
1869 silly audit   '@vercel/prepare-flags-definitions': [ '0.3.0' ],
1869 silly audit   '@vercel/python': [ '6.57.1' ],
1869 silly audit   '@vercel/python-analysis': [ '0.13.2' ],
1869 silly audit   '@vercel/redwood': [ '2.5.2' ],
1869 silly audit   '@vercel/remix-builder': [ '5.9.5' ],
1869 silly audit   '@vercel/ruby': [ '2.5.1' ],
1869 silly audit   '@vercel/rust': [ '1.4.2' ],
1869 silly audit   '@vercel/static-build': [ '2.12.7' ],
1869 silly audit   '@vercel/vc-native-darwin-arm64': [ '59.1.4' ],
1869 silly audit   '@vercel/vc-native-darwin-x64': [ '59.1.4' ],
1869 silly audit   '@vercel/vc-native-linux-arm64': [ '59.1.4' ],
1869 silly audit   '@vercel/vc-native-linux-x64': [ '59.1.4' ],
1869 silly audit   chokidar: [ '4.0.0' ],
1869 silly audit   esbuild: [ '0.27.0' ],
1869 silly audit   jose: [ '5.9.6', '6.2.3' ],
1869 silly audit   'jsonc-parser': [ '3.3.1' ],
1869 silly audit   luxon: [ '3.7.2' ],
1869 silly audit   sandbox: [ '3.4.0' ],
1869 silly audit   'smol-toml': [ '1.5.2' ],
1869 silly audit   undici: [ '5.29.0', '6.28.0', '5.28.4', '7.29.0' ],
1869 silly audit   uuid: [ '14.0.1' ],
1869 silly audit   zod: [ '4.1.11', '3.22.4' ],
1869 silly audit   '@vercel/nft': [ '1.10.0' ],
1869 silly audit   '@vercel/static-config': [ '3.4.1' ],
1869 silly audit   execa: [ '3.2.0', '5.1.1' ],
1869 silly audit   'fs-extra': [ '11.1.0', '11.1.1' ],
1869 silly audit   'get-port': [ '5.1.1' ],
1869 silly audit   'oxc-transform': [ '0.111.0' ],
1869 silly audit   'path-to-regexp': [ '8.3.0', '8.2.0', '6.1.0', '6.3.0' ],
1869 silly audit   'resolve.exports': [ '2.0.3' ],
1869 silly audit   rolldown: [ '1.0.0-rc.1' ],
1869 silly audit   srvx: [ '0.11.16' ],
1869 silly audit   'ts-morph': [ '12.0.0' ],
1869 silly audit   tsx: [ '4.21.0' ],
1869 silly audit   '@vercel/oidc': [ '3.8.4', '3.2.0' ],
1869 silly audit   'async-retry': [ '1.3.3' ],
1869 silly audit   'is-buffer': [ '2.0.5' ],
1869 silly audit   'is-node-process': [ '1.2.0' ],
1869 silly audit   throttleit: [ '2.1.0' ],
1869 silly audit   'cjs-module-lexer': [ '1.2.3' ],
1869 silly audit   'es-module-lexer': [ '1.5.0', '1.4.1' ],
1869 silly audit   '@napi-rs/keyring': [ '1.2.0' ],
1869 silly audit   'async-listen': [ '3.0.0', '1.2.0', '3.0.1' ],
1869 silly audit   open: [ '8.4.0' ],
1869 silly audit   '@napi-rs/keyring-darwin-arm64': [ '1.2.0' ],
1869 silly audit   '@napi-rs/keyring-darwin-x64': [ '1.2.0' ],
1869 silly audit   '@napi-rs/keyring-freebsd-x64': [ '1.2.0' ],
1869 silly audit   '@napi-rs/keyring-linux-arm-gnueabihf': [ '1.2.0' ],
1869 silly audit   '@napi-rs/keyring-linux-arm64-gnu': [ '1.2.0' ],
1869 silly audit   '@napi-rs/keyring-linux-arm64-musl': [ '1.2.0' ],
1869 silly audit   '@napi-rs/keyring-linux-riscv64-gnu': [ '1.2.0' ],
1869 silly audit   '@napi-rs/keyring-linux-x64-gnu': [ '1.2.0' ],
1869 silly audit   '@napi-rs/keyring-linux-x64-musl': [ '1.2.0' ],
1869 silly audit   '@napi-rs/keyring-win32-arm64-msvc': [ '1.2.0' ],
1869 silly audit   '@napi-rs/keyring-win32-ia32-msvc': [ '1.2.0' ],
1869 silly audit   '@napi-rs/keyring-win32-x64-msvc': [ '1.2.0' ],
1869 silly audit   'xdg-app-paths': [ '5.5.1', '5.1.0' ],
1869 silly audit   '@vercel/cervel': [ '0.1.46' ],
1869 silly audit   '@tootallnate/once': [ '2.0.0' ],
1869 silly audit   debug: [ '4.3.4', '4.4.3' ],
1869 silly audit   'generic-pool': [ '3.4.2' ],
1869 silly audit   micro: [ '9.3.5-canary.3' ],
1869 silly audit   ms: [ '2.1.1', '2.1.2', '2.1.3' ],
1869 silly audit   'node-fetch': [ '2.6.7', '2.6.9' ],
1869 silly audit   promisepipe: [ '3.0.0' ],
1869 silly audit   semver: [ '7.5.4', '6.3.1' ],
1869 silly audit   'stat-mode': [ '0.3.0' ],
1869 silly audit   'stream-to-promise': [ '2.2.0' ],
1869 silly audit   tar: [ '7.5.7' ],
1869 silly audit   tinyexec: [ '0.3.2' ],
1869 silly audit   'tree-kill': [ '1.2.2' ],
1869 silly audit   'uid-promise': [ '1.0.0' ],
1869 silly audit   'yauzl-promise': [ '2.1.3' ],
1869 silly audit   '@mapbox/node-pre-gyp': [ '2.0.3' ],
1869 silly audit   '@rollup/pluginutils': [ '5.4.0' ],
1869 silly audit   acorn: [ '8.18.0' ],
1869 silly audit   'acorn-import-attributes': [ '1.9.5' ],
1869 silly audit   'async-sema': [ '3.1.1' ],
1869 silly audit   bindings: [ '1.5.0' ],
1869 silly audit   'estree-walker': [ '2.0.2' ],
1869 silly audit   glob: [ '13.0.6' ],
1869 silly audit   'graceful-fs': [ '4.2.11' ],
1869 silly audit   'node-gyp-build': [ '4.8.4' ],
1869 silly audit   picomatch: [ '4.0.5', '2.3.2' ],
1869 silly audit   'resolve-from': [ '5.0.0' ],
1869 silly audit   consola: [ '3.4.2' ],
1869 silly audit   'detect-libc': [ '2.1.2' ],
1869 silly audit   'https-proxy-agent': [ '7.0.6' ],
1869 silly audit   nopt: [ '8.1.0' ],
1869 silly audit   '@types/estree': [ '1.0.9' ],
1869 silly audit   '@edge-runtime/node-utils': [ '2.3.0' ],
1869 silly audit   '@edge-runtime/primitives': [ '4.1.0' ],
1869 silly audit   '@edge-runtime/vm': [ '3.2.0' ],
1869 silly audit   '@types/node': [ '20.11.0' ],
1869 silly audit   '@vercel/error-utils': [ '2.2.1' ],
1869 silly audit   'edge-runtime': [ '2.5.9' ],
1869 silly audit   etag: [ '1.8.1' ],
1869 silly audit   'mime-types': [ '2.1.35' ],
1869 silly audit   typescript: [ '5.9.3' ],
1869 silly audit   'undici-types': [ '5.26.5' ],
1869 silly audit   '@vercel/cli-exec': [ '1.0.1' ],
1869 silly audit   '@bytecodealliance/preview2-shim': [ '0.17.6' ],
1869 silly audit   '@renovatebot/pep440': [ '4.2.1' ],
1869 silly audit   'js-yaml': [ '4.1.1' ],
1869 silly audit   minimatch: [ '10.1.1', '10.2.6', '3.1.5' ],
1869 silly audit   '@vercel/gatsby-plugin-vercel-analytics': [ '1.0.12' ],
1869 silly audit   '@vercel/gatsby-plugin-vercel-builder': [ '2.2.41' ],
1869 silly audit   'web-vitals': [ '0.2.4' ],
1869 silly audit   '@sinclair/typebox': [ '0.25.24' ],
1869 silly audit   ajv: [ '8.6.3' ],
1869 silly audit   'json-schema-to-ts': [ '1.6.4' ],
1869 silly audit   'fast-deep-equal': [ '3.1.3' ],
1869 silly audit   'json-schema-traverse': [ '1.0.0' ],
1869 silly audit   'require-from-string': [ '2.0.2' ],
1869 silly audit   'uri-js': [ '4.4.1' ],
1869 silly audit   retry: [ '0.13.1' ],
1869 silly audit   'file-uri-to-path': [ '1.0.0' ],
1869 silly audit   readdirp: [ '4.1.2' ],
1869 silly audit   '@edge-runtime/format': [ '2.2.1' ],
1869 silly audit   '@edge-runtime/ponyfill': [ '2.4.2' ],
1869 silly audit   mri: [ '1.2.0' ],
1869 silly audit   picocolors: [ '1.0.0', '1.1.1' ],
1869 silly audit   'pretty-ms': [ '7.0.1' ],
1869 silly audit   'signal-exit': [ '4.0.2', '3.0.7' ],
1869 silly audit   'time-span': [ '4.0.0' ],
1869 silly audit   '@esbuild/aix-ppc64': [ '0.27.0' ],
1869 silly audit   '@esbuild/android-arm': [ '0.27.0' ],
1869 silly audit   '@esbuild/android-arm64': [ '0.27.0' ],
1869 silly audit   '@esbuild/android-x64': [ '0.27.0' ],
1869 silly audit   '@esbuild/darwin-arm64': [ '0.27.0' ],
1869 silly audit   '@esbuild/darwin-x64': [ '0.27.0' ],
1869 silly audit   '@esbuild/freebsd-arm64': [ '0.27.0' ],
1869 silly audit   '@esbuild/freebsd-x64': [ '0.27.0' ],
1869 silly audit   '@esbuild/linux-arm': [ '0.27.0' ],
1869 silly audit   '@esbuild/linux-arm64': [ '0.27.0' ],
1869 silly audit   '@esbuild/linux-ia32': [ '0.27.0' ],
1869 silly audit   '@esbuild/linux-loong64': [ '0.27.0' ],
1869 silly audit   '@esbuild/linux-mips64el': [ '0.27.0' ],
1869 silly audit   '@esbuild/linux-ppc64': [ '0.27.0' ],
1869 silly audit   '@esbuild/linux-riscv64': [ '0.27.0' ],
1869 silly audit   '@esbuild/linux-s390x': [ '0.27.0' ],
1869 silly audit   '@esbuild/linux-x64': [ '0.27.0' ],
1869 silly audit   '@esbuild/netbsd-arm64': [ '0.27.0' ],
1869 silly audit   '@esbuild/netbsd-x64': [ '0.27.0' ],
1869 silly audit   '@esbuild/openbsd-arm64': [ '0.27.0' ],
1869 silly audit   '@esbuild/openbsd-x64': [ '0.27.0' ],
1869 silly audit   '@esbuild/openharmony-arm64': [ '0.27.0' ],
1869 silly audit   '@esbuild/sunos-x64': [ '0.27.0' ],
1869 silly audit   '@esbuild/win32-arm64': [ '0.27.0' ],
1869 silly audit   '@esbuild/win32-ia32': [ '0.27.0' ],
1869 silly audit   '@esbuild/win32-x64': [ '0.27.0' ],
1869 silly audit   'cross-spawn': [ '7.0.6' ],
1869 silly audit   'get-stream': [ '5.2.0', '6.0.1' ],
1869 silly audit   'human-signals': [ '1.1.1', '2.1.0' ],
1869 silly audit   'is-stream': [ '2.0.1' ],
1869 silly audit   'merge-stream': [ '2.0.0' ],
1869 silly audit   'npm-run-path': [ '4.0.1' ],
1869 silly audit   onetime: [ '5.1.2' ],
1869 silly audit   'p-finally': [ '2.0.1' ],
1869 silly audit   'strip-final-newline': [ '2.0.0' ],
1869 silly audit   'path-key': [ '3.1.1' ],
1869 silly audit   'shebang-command': [ '2.0.0' ],
1869 silly audit   which: [ '2.0.2' ],
1869 silly audit   jsonfile: [ '6.2.1' ],
1869 silly audit   universalify: [ '2.0.1' ],
1869 silly audit   pump: [ '3.0.4' ],
1869 silly audit   minipass: [ '7.1.3' ],
1869 silly audit   'path-scurry': [ '2.0.2' ],
1869 silly audit   'agent-base': [ '7.1.4' ],
1869 silly audit   argparse: [ '2.0.1' ],
1869 silly audit   '@types/json-schema': [ '7.0.15' ],
1869 silly audit   'ts-toolbelt': [ '6.15.5' ],
1869 silly audit   arg: [ '4.1.0' ],
1869 silly audit   'content-type': [ '1.0.4' ],
1869 silly audit   'raw-body': [ '2.4.1' ],
1869 silly audit   'mime-db': [ '1.52.0' ],
1869 silly audit   '@isaacs/brace-expansion': [ '5.0.1' ],
1869 silly audit   '@isaacs/balanced-match': [ '4.0.1' ],
1869 silly audit   'whatwg-url': [ '5.0.0' ],
1869 silly audit   abbrev: [ '3.0.1' ],
1869 silly audit   'mimic-fn': [ '2.1.0' ],
1869 silly audit   'define-lazy-prop': [ '2.0.0' ],
1869 silly audit   'is-docker': [ '2.2.1' ],
1869 silly audit   'is-wsl': [ '2.2.0' ],
1869 silly audit   '@oxc-transform/binding-android-arm-eabi': [ '0.111.0' ],
1869 silly audit   '@oxc-transform/binding-android-arm64': [ '0.111.0' ],
1869 silly audit   '@oxc-transform/binding-darwin-arm64': [ '0.111.0' ],
1869 silly audit   '@oxc-transform/binding-darwin-x64': [ '0.111.0' ],
1869 silly audit   '@oxc-transform/binding-freebsd-x64': [ '0.111.0' ],
1869 silly audit   '@oxc-transform/binding-linux-arm-gnueabihf': [ '0.111.0' ],
1869 silly audit   '@oxc-transform/binding-linux-arm-musleabihf': [ '0.111.0' ],
1869 silly audit   '@oxc-transform/binding-linux-arm64-gnu': [ '0.111.0' ],
1869 silly audit   '@oxc-transform/binding-linux-arm64-musl': [ '0.111.0' ],
1869 silly audit   '@oxc-transform/binding-linux-ppc64-gnu': [ '0.111.0' ],
1869 silly audit   '@oxc-transform/binding-linux-riscv64-gnu': [ '0.111.0' ],
1869 silly audit   '@oxc-transform/binding-linux-riscv64-musl': [ '0.111.0' ],
1869 silly audit   '@oxc-transform/binding-linux-s390x-gnu': [ '0.111.0' ],
1869 silly audit   '@oxc-transform/binding-linux-x64-gnu': [ '0.111.0' ],
1869 silly audit   '@oxc-transform/binding-linux-x64-musl': [ '0.111.0' ],
1869 silly audit   '@oxc-transform/binding-openharmony-arm64': [ '0.111.0' ],
1869 silly audit   '@oxc-transform/binding-wasm32-wasi': [ '0.111.0' ],
1869 silly audit   '@oxc-transform/binding-win32-arm64-msvc': [ '0.111.0' ],
1869 silly audit   '@oxc-transform/binding-win32-ia32-msvc': [ '0.111.0' ],
1869 silly audit   '@oxc-transform/binding-win32-x64-msvc': [ '0.111.0' ],
1869 silly audit   '@napi-rs/wasm-runtime': [ '1.2.3' ],
1869 silly audit   '@emnapi/core': [ '1.11.3' ],
1869 silly audit   '@emnapi/runtime': [ '1.11.3' ],
1869 silly audit   '@emnapi/wasi-threads': [ '1.2.3' ],
1869 silly audit   tslib: [ '2.8.1' ],
1869 silly audit   '@tybys/wasm-util': [ '0.10.3' ],
1869 silly audit   'lru-cache': [ '11.5.2', '6.0.0' ],
1869 silly audit   'parse-ms': [ '2.1.0' ],
1869 silly audit   'end-of-stream': [ '1.4.5', '1.1.0' ],
1869 silly audit   once: [ '1.4.0', '1.3.3' ],
1869 silly audit   wrappy: [ '1.0.2' ],
1869 silly audit   bytes: [ '3.1.0' ],
1869 silly audit   'http-errors': [ '1.7.3' ],
1869 silly audit   'iconv-lite': [ '0.4.24' ],
1869 silly audit   unpipe: [ '1.0.0' ],
1869 silly audit   depd: [ '1.1.2' ],
1869 silly audit   inherits: [ '2.0.4' ],
1869 silly audit   setprototypeof: [ '1.1.1' ],
1869 silly audit   statuses: [ '1.5.0' ],
1869 silly audit   toidentifier: [ '1.0.0' ],
1869 silly audit   'safer-buffer': [ '2.1.2' ],
1869 silly audit   '@oxc-project/types': [ '0.110.0' ],
1869 silly audit   '@rolldown/binding-android-arm64': [ '1.0.0-rc.1' ],
1869 silly audit   '@rolldown/binding-darwin-arm64': [ '1.0.0-rc.1' ],
1869 silly audit   '@rolldown/binding-darwin-x64': [ '1.0.0-rc.1' ],
1869 silly audit   '@rolldown/binding-freebsd-x64': [ '1.0.0-rc.1' ],
1869 silly audit   '@rolldown/binding-linux-arm-gnueabihf': [ '1.0.0-rc.1' ],
1869 silly audit   '@rolldown/binding-linux-arm64-gnu': [ '1.0.0-rc.1' ],
1869 silly audit   '@rolldown/binding-linux-arm64-musl': [ '1.0.0-rc.1' ],
1869 silly audit   '@rolldown/binding-linux-x64-gnu': [ '1.0.0-rc.1' ],
1869 silly audit   '@rolldown/binding-linux-x64-musl': [ '1.0.0-rc.1' ],
1869 silly audit   '@rolldown/binding-openharmony-arm64': [ '1.0.0-rc.1' ],
1869 silly audit   '@rolldown/binding-wasm32-wasi': [ '1.0.0-rc.1' ],
1869 silly audit   '@rolldown/binding-win32-arm64-msvc': [ '1.0.0-rc.1' ],
1869 silly audit   '@rolldown/binding-win32-x64-msvc': [ '1.0.0-rc.1' ],
1869 silly audit   '@rolldown/pluginutils': [ '1.0.0-rc.1' ],
1869 silly audit   '@vercel/sandbox': [ '2.4.0' ],
1869 silly audit   ws: [ '8.21.3' ],
1869 silly audit   '@workflow/serde': [ '4.1.0-beta.2' ],
1869 silly audit   jsonlines: [ '0.1.1' ],
1869 silly audit   'tar-stream': [ '3.1.7' ],
1869 silly audit   'shebang-regex': [ '3.0.0' ],
1869 silly audit   'any-promise': [ '1.3.0' ],
1869 silly audit   'stream-to-array': [ '2.3.0' ],
1869 silly audit   '@isaacs/fs-minipass': [ '4.0.1' ],
1869 silly audit   chownr: [ '3.0.0' ],
1869 silly audit   minizlib: [ '3.1.0' ],
1869 silly audit   yallist: [ '5.0.0', '4.0.0' ],
1869 silly audit   b4a: [ '1.8.1' ],
1869 silly audit   'fast-fifo': [ '1.3.2' ],
1869 silly audit   streamx: [ '2.28.0' ],
1869 silly audit   'events-universal': [ '1.0.1' ],
1869 silly audit   'text-decoder': [ '1.2.7' ],
1869 silly audit   'bare-events': [ '2.9.1' ],
1869 silly audit   'convert-hrtime': [ '3.0.0' ],
1869 silly audit   '@ts-morph/common': [ '0.11.1' ],
1869 silly audit   'code-block-writer': [ '10.1.1' ],
1869 silly audit   'fast-glob': [ '3.3.3' ],
1869 silly audit   mkdirp: [ '1.0.4' ],
1869 silly audit   'path-browserify': [ '1.0.1' ],
1869 silly audit   '@nodelib/fs.stat': [ '2.0.5' ],
1869 silly audit   '@nodelib/fs.walk': [ '1.2.8' ],
1869 silly audit   'glob-parent': [ '5.1.2' ],
1869 silly audit   merge2: [ '1.4.1' ],
1869 silly audit   micromatch: [ '4.0.8' ],
1869 silly audit   '@nodelib/fs.scandir': [ '2.1.5' ],
1869 silly audit   fastq: [ '1.20.1' ],
1869 silly audit   'run-parallel': [ '1.2.0' ],
1869 silly audit   reusify: [ '1.1.0' ],
1869 silly audit   'is-glob': [ '4.0.3' ],
1869 silly audit   'is-extglob': [ '2.1.1' ],
1869 silly audit   braces: [ '3.0.3' ],
1869 silly audit   'fill-range': [ '7.1.1' ],
1869 silly audit   'to-regex-range': [ '5.0.1' ],
1869 silly audit   'queue-microtask': [ '1.2.3' ],
1869 silly audit   'is-number': [ '7.0.0' ],
1869 silly audit   fsevents: [ '2.3.3' ],
1869 silly audit   'get-tsconfig': [ '4.14.3' ],
1869 silly audit   'resolve-pkg-maps': [ '1.0.0' ],
1869 silly audit   '@fastify/busboy': [ '2.1.1' ],
1869 silly audit   punycode: [ '2.3.1' ],
1869 silly audit   tr46: [ '0.0.3' ],
1869 silly audit   'webidl-conversions': [ '3.0.1' ],
1869 silly audit   isexe: [ '2.0.0' ],
1869 silly audit   'os-paths': [ '4.4.0' ],
1869 silly audit   'xdg-portable': [ '7.3.0' ],
1869 silly audit   yauzl: [ '2.10.0' ],
1869 silly audit   'yauzl-clone': [ '1.0.4' ],
1869 silly audit   'buffer-crc32': [ '0.2.13' ],
1869 silly audit   'fd-slicer': [ '1.1.0' ],
1869 silly audit   pend: [ '1.2.0' ],
1869 silly audit   'events-intercept': [ '2.0.0' ],
1869 silly audit   'brace-expansion': [ '1.1.18', '5.0.9' ],
1869 silly audit   'balanced-match': [ '1.0.2', '4.0.4' ],
1869 silly audit   'concat-map': [ '0.0.1' ]
1869 silly audit }
1870 http cache concat-map@https://registry.npmjs.org/concat-map/-/concat-map-0.0.1.tgz 0ms (cache hit)
1871 http cache balanced-match@https://registry.npmjs.org/balanced-match/-/balanced-match-1.0.2.tgz 0ms (cache hit)
1872 http cache brace-expansion@https://registry.npmjs.org/brace-expansion/-/brace-expansion-1.1.18.tgz 0ms (cache hit)
1873 http cache events-intercept@https://registry.npmjs.org/events-intercept/-/events-intercept-2.0.0.tgz 0ms (cache hit)
1874 http cache pend@https://registry.npmjs.org/pend/-/pend-1.2.0.tgz 0ms (cache hit)
1875 http cache yauzl-clone@https://registry.npmjs.org/yauzl-clone/-/yauzl-clone-1.0.4.tgz 0ms (cache hit)
1876 http cache buffer-crc32@https://registry.npmjs.org/buffer-crc32/-/buffer-crc32-0.2.13.tgz 0ms (cache hit)
1877 http cache yauzl@https://registry.npmjs.org/yauzl/-/yauzl-2.10.0.tgz 0ms (cache hit)
1878 http cache fd-slicer@https://registry.npmjs.org/fd-slicer/-/fd-slicer-1.1.0.tgz 0ms (cache hit)
1879 http cache xdg-portable@https://registry.npmjs.org/xdg-portable/-/xdg-portable-7.3.0.tgz 0ms (cache hit)
1880 http cache isexe@https://registry.npmjs.org/isexe/-/isexe-2.0.0.tgz 0ms (cache hit)
1881 http cache os-paths@https://registry.npmjs.org/os-paths/-/os-paths-4.4.0.tgz 0ms (cache hit)
1882 http cache webidl-conversions@https://registry.npmjs.org/webidl-conversions/-/webidl-conversions-3.0.1.tgz 0ms (cache hit)
1883 http cache @fastify/busboy@https://registry.npmjs.org/@fastify/busboy/-/busboy-2.1.1.tgz 0ms (cache hit)
1884 http cache resolve-pkg-maps@https://registry.npmjs.org/resolve-pkg-maps/-/resolve-pkg-maps-1.0.0.tgz 0ms (cache hit)
1885 http cache tr46@https://registry.npmjs.org/tr46/-/tr46-0.0.3.tgz 0ms (cache hit)
1886 http cache punycode@https://registry.npmjs.org/punycode/-/punycode-2.3.1.tgz 0ms (cache hit)
1887 http cache is-number@https://registry.npmjs.org/is-number/-/is-number-7.0.0.tgz 0ms (cache hit)
1888 http cache get-tsconfig@https://registry.npmjs.org/get-tsconfig/-/get-tsconfig-4.14.3.tgz 0ms (cache hit)
1889 http cache queue-microtask@https://registry.npmjs.org/queue-microtask/-/queue-microtask-1.2.3.tgz 1ms (cache hit)
1890 http cache to-regex-range@https://registry.npmjs.org/to-regex-range/-/to-regex-range-5.0.1.tgz 0ms (cache hit)
1891 http cache braces@https://registry.npmjs.org/braces/-/braces-3.0.3.tgz 0ms (cache hit)
1892 http cache is-extglob@https://registry.npmjs.org/is-extglob/-/is-extglob-2.1.1.tgz 0ms (cache hit)
1893 http cache is-glob@https://registry.npmjs.org/is-glob/-/is-glob-4.0.3.tgz 0ms (cache hit)
1894 http cache reusify@https://registry.npmjs.org/reusify/-/reusify-1.1.0.tgz 0ms (cache hit)
1895 http cache run-parallel@https://registry.npmjs.org/run-parallel/-/run-parallel-1.2.0.tgz 0ms (cache hit)
1896 http cache @nodelib/fs.scandir@https://registry.npmjs.org/@nodelib/fs.scandir/-/fs.scandir-2.1.5.tgz 0ms (cache hit)
1897 http cache fastq@https://registry.npmjs.org/fastq/-/fastq-1.20.1.tgz 0ms (cache hit)
1898 http cache @nodelib/fs.walk@https://registry.npmjs.org/@nodelib/fs.walk/-/fs.walk-1.2.8.tgz 0ms (cache hit)
1899 http cache fill-range@https://registry.npmjs.org/fill-range/-/fill-range-7.1.1.tgz 0ms (cache hit)
1900 http cache @nodelib/fs.stat@https://registry.npmjs.org/@nodelib/fs.stat/-/fs.stat-2.0.5.tgz 0ms (cache hit)
1901 http cache merge2@https://registry.npmjs.org/merge2/-/merge2-1.4.1.tgz 0ms (cache hit)
1902 http cache glob-parent@https://registry.npmjs.org/glob-parent/-/glob-parent-5.1.2.tgz 0ms (cache hit)
1903 http cache micromatch@https://registry.npmjs.org/micromatch/-/micromatch-4.0.8.tgz 0ms (cache hit)
1904 http cache path-browserify@https://registry.npmjs.org/path-browserify/-/path-browserify-1.0.1.tgz 0ms (cache hit)
1905 http cache mkdirp@https://registry.npmjs.org/mkdirp/-/mkdirp-1.0.4.tgz 0ms (cache hit)
1906 http cache @ts-morph/common@https://registry.npmjs.org/@ts-morph/common/-/common-0.11.1.tgz 0ms (cache hit)
1907 http cache fast-glob@https://registry.npmjs.org/fast-glob/-/fast-glob-3.3.3.tgz 0ms (cache hit)
1908 http cache convert-hrtime@https://registry.npmjs.org/convert-hrtime/-/convert-hrtime-3.0.0.tgz 0ms (cache hit)
1909 http cache code-block-writer@https://registry.npmjs.org/code-block-writer/-/code-block-writer-10.1.1.tgz 0ms (cache hit)
1910 http cache bare-events@https://registry.npmjs.org/bare-events/-/bare-events-2.9.1.tgz 0ms (cache hit)
1911 http cache events-universal@https://registry.npmjs.org/events-universal/-/events-universal-1.0.1.tgz 0ms (cache hit)
1912 http cache text-decoder@https://registry.npmjs.org/text-decoder/-/text-decoder-1.2.7.tgz 0ms (cache hit)
1913 http cache fast-fifo@https://registry.npmjs.org/fast-fifo/-/fast-fifo-1.3.2.tgz 0ms (cache hit)
1914 http cache yallist@https://registry.npmjs.org/yallist/-/yallist-5.0.0.tgz 0ms (cache hit)
1915 http cache streamx@https://registry.npmjs.org/streamx/-/streamx-2.28.0.tgz 0ms (cache hit)
1916 http cache b4a@https://registry.npmjs.org/b4a/-/b4a-1.8.1.tgz 0ms (cache hit)
1917 http cache minizlib@https://registry.npmjs.org/minizlib/-/minizlib-3.1.0.tgz 0ms (cache hit)
1918 http cache @isaacs/fs-minipass@https://registry.npmjs.org/@isaacs/fs-minipass/-/fs-minipass-4.0.1.tgz 0ms (cache hit)
1919 http cache chownr@https://registry.npmjs.org/chownr/-/chownr-3.0.0.tgz 0ms (cache hit)
1920 http cache tar-stream@https://registry.npmjs.org/tar-stream/-/tar-stream-3.1.7.tgz 0ms (cache hit)
1921 http cache stream-to-array@https://registry.npmjs.org/stream-to-array/-/stream-to-array-2.3.0.tgz 0ms (cache hit)
1922 http cache shebang-regex@https://registry.npmjs.org/shebang-regex/-/shebang-regex-3.0.0.tgz 0ms (cache hit)
1923 http cache @workflow/serde@https://registry.npmjs.org/@workflow/serde/-/serde-4.1.0-beta.2.tgz 0ms (cache hit)
1924 http cache @rolldown/pluginutils@https://registry.npmjs.org/@rolldown/pluginutils/-/pluginutils-1.0.0-rc.1.tgz 0ms (cache hit)
1925 http cache @vercel/sandbox@https://registry.npmjs.org/@vercel/sandbox/-/sandbox-2.4.0.tgz 0ms (cache hit)
1926 http cache jsonlines@https://registry.npmjs.org/jsonlines/-/jsonlines-0.1.1.tgz 0ms (cache hit)
1927 http cache @rolldown/binding-win32-x64-msvc@https://registry.npmjs.org/@rolldown/binding-win32-x64-msvc/-/binding-win32-x64-msvc-1.0.0-rc.1.tgz 0ms (cache hit)
1928 http cache any-promise@https://registry.npmjs.org/any-promise/-/any-promise-1.3.0.tgz 0ms (cache hit)
1929 http cache ws@https://registry.npmjs.org/ws/-/ws-8.21.3.tgz 0ms (cache hit)
1930 http cache @oxc-project/types@https://registry.npmjs.org/@oxc-project/types/-/types-0.110.0.tgz 0ms (cache hit)
1931 http cache safer-buffer@https://registry.npmjs.org/safer-buffer/-/safer-buffer-2.1.2.tgz 0ms (cache hit)
1932 http cache statuses@https://registry.npmjs.org/statuses/-/statuses-1.5.0.tgz 0ms (cache hit)
1933 http cache toidentifier@https://registry.npmjs.org/toidentifier/-/toidentifier-1.0.0.tgz 0ms (cache hit)
1934 http cache setprototypeof@https://registry.npmjs.org/setprototypeof/-/setprototypeof-1.1.1.tgz 0ms (cache hit)
1935 http cache unpipe@https://registry.npmjs.org/unpipe/-/unpipe-1.0.0.tgz 0ms (cache hit)
1936 http cache inherits@https://registry.npmjs.org/inherits/-/inherits-2.0.4.tgz 0ms (cache hit)
1937 http cache iconv-lite@https://registry.npmjs.org/iconv-lite/-/iconv-lite-0.4.24.tgz 0ms (cache hit)
1938 http cache http-errors@https://registry.npmjs.org/http-errors/-/http-errors-1.7.3.tgz 0ms (cache hit)
1939 http cache wrappy@https://registry.npmjs.org/wrappy/-/wrappy-1.0.2.tgz 0ms (cache hit)
1940 http cache @oxc-transform/binding-win32-x64-msvc@https://registry.npmjs.org/@oxc-transform/binding-win32-x64-msvc/-/binding-win32-x64-msvc-0.111.0.tgz 0ms (cache hit)
1941 http cache depd@https://registry.npmjs.org/depd/-/depd-1.1.2.tgz 0ms (cache hit)
1942 http cache bytes@https://registry.npmjs.org/bytes/-/bytes-3.1.0.tgz 0ms (cache hit)
1943 http cache parse-ms@https://registry.npmjs.org/parse-ms/-/parse-ms-2.1.0.tgz 0ms (cache hit)
1944 http cache once@https://registry.npmjs.org/once/-/once-1.4.0.tgz 0ms (cache hit)
1945 http cache end-of-stream@https://registry.npmjs.org/end-of-stream/-/end-of-stream-1.4.5.tgz 0ms (cache hit)
1946 http cache lru-cache@https://registry.npmjs.org/lru-cache/-/lru-cache-11.5.2.tgz 0ms (cache hit)
1947 http cache is-wsl@https://registry.npmjs.org/is-wsl/-/is-wsl-2.2.0.tgz 0ms (cache hit)
1948 http cache is-docker@https://registry.npmjs.org/is-docker/-/is-docker-2.2.1.tgz 0ms (cache hit)
1949 http cache define-lazy-prop@https://registry.npmjs.org/define-lazy-prop/-/define-lazy-prop-2.0.0.tgz 0ms (cache hit)
1950 http cache @isaacs/brace-expansion@https://registry.npmjs.org/@isaacs/brace-expansion/-/brace-expansion-5.0.1.tgz 0ms (cache hit)
1951 http cache @isaacs/balanced-match@https://registry.npmjs.org/@isaacs/balanced-match/-/balanced-match-4.0.1.tgz 0ms (cache hit)
1952 http cache whatwg-url@https://registry.npmjs.org/whatwg-url/-/whatwg-url-5.0.0.tgz 0ms (cache hit)
1953 http cache abbrev@https://registry.npmjs.org/abbrev/-/abbrev-3.0.1.tgz 0ms (cache hit)
1954 http cache mimic-fn@https://registry.npmjs.org/mimic-fn/-/mimic-fn-2.1.0.tgz 0ms (cache hit)
1955 http cache mime-db@https://registry.npmjs.org/mime-db/-/mime-db-1.52.0.tgz 0ms (cache hit)
1956 http cache raw-body@https://registry.npmjs.org/raw-body/-/raw-body-2.4.1.tgz 0ms (cache hit)
1957 http cache content-type@https://registry.npmjs.org/content-type/-/content-type-1.0.4.tgz 0ms (cache hit)
1958 http cache argparse@https://registry.npmjs.org/argparse/-/argparse-2.0.1.tgz 0ms (cache hit)
1959 http cache arg@https://registry.npmjs.org/arg/-/arg-4.1.0.tgz 0ms (cache hit)
1960 http cache ts-toolbelt@https://registry.npmjs.org/ts-toolbelt/-/ts-toolbelt-6.15.5.tgz 0ms (cache hit)
1961 http cache agent-base@https://registry.npmjs.org/agent-base/-/agent-base-7.1.4.tgz 0ms (cache hit)
1962 http cache @types/json-schema@https://registry.npmjs.org/@types/json-schema/-/json-schema-7.0.15.tgz 0ms (cache hit)
1963 http cache path-scurry@https://registry.npmjs.org/path-scurry/-/path-scurry-2.0.2.tgz 0ms (cache hit)
1964 http cache universalify@https://registry.npmjs.org/universalify/-/universalify-2.0.1.tgz 0ms (cache hit)
1965 http cache minipass@https://registry.npmjs.org/minipass/-/minipass-7.1.3.tgz 0ms (cache hit)
1966 http cache pump@https://registry.npmjs.org/pump/-/pump-3.0.4.tgz 0ms (cache hit)
1967 http cache which@https://registry.npmjs.org/which/-/which-2.0.2.tgz 0ms (cache hit)
1968 http cache jsonfile@https://registry.npmjs.org/jsonfile/-/jsonfile-6.2.1.tgz 0ms (cache hit)
1969 http cache shebang-command@https://registry.npmjs.org/shebang-command/-/shebang-command-2.0.0.tgz 0ms (cache hit)
1970 http cache strip-final-newline@https://registry.npmjs.org/strip-final-newline/-/strip-final-newline-2.0.0.tgz 0ms (cache hit)
1971 http cache path-key@https://registry.npmjs.org/path-key/-/path-key-3.1.1.tgz 0ms (cache hit)
1972 http cache p-finally@https://registry.npmjs.org/p-finally/-/p-finally-2.0.1.tgz 0ms (cache hit)
1973 http cache npm-run-path@https://registry.npmjs.org/npm-run-path/-/npm-run-path-4.0.1.tgz 0ms (cache hit)
1974 http cache onetime@https://registry.npmjs.org/onetime/-/onetime-5.1.2.tgz 0ms (cache hit)
1975 http cache human-signals@https://registry.npmjs.org/human-signals/-/human-signals-1.1.1.tgz 0ms (cache hit)
1976 http cache merge-stream@https://registry.npmjs.org/merge-stream/-/merge-stream-2.0.0.tgz 0ms (cache hit)
1977 http cache is-stream@https://registry.npmjs.org/is-stream/-/is-stream-2.0.1.tgz 0ms (cache hit)
1978 http cache get-stream@https://registry.npmjs.org/get-stream/-/get-stream-5.2.0.tgz 0ms (cache hit)
1979 http cache @esbuild/win32-x64@https://registry.npmjs.org/@esbuild/win32-x64/-/win32-x64-0.27.0.tgz 0ms (cache hit)
1980 http cache time-span@https://registry.npmjs.org/time-span/-/time-span-4.0.0.tgz 0ms (cache hit)
1981 http cache pretty-ms@https://registry.npmjs.org/pretty-ms/-/pretty-ms-7.0.1.tgz 0ms (cache hit)
1982 http cache cross-spawn@https://registry.npmjs.org/cross-spawn/-/cross-spawn-7.0.6.tgz 0ms (cache hit)
1983 http cache signal-exit@https://registry.npmjs.org/signal-exit/-/signal-exit-4.0.2.tgz 0ms (cache hit)
1984 http cache @edge-runtime/format@https://registry.npmjs.org/@edge-runtime/format/-/format-2.2.1.tgz 0ms (cache hit)
1985 http cache picocolors@https://registry.npmjs.org/picocolors/-/picocolors-1.0.0.tgz 0ms (cache hit)
1986 http cache @edge-runtime/ponyfill@https://registry.npmjs.org/@edge-runtime/ponyfill/-/ponyfill-2.4.2.tgz 0ms (cache hit)
1987 http cache readdirp@https://registry.npmjs.org/readdirp/-/readdirp-4.1.2.tgz 1ms (cache hit)
1988 http cache mri@https://registry.npmjs.org/mri/-/mri-1.2.0.tgz 0ms (cache hit)
1989 http cache file-uri-to-path@https://registry.npmjs.org/file-uri-to-path/-/file-uri-to-path-1.0.0.tgz 0ms (cache hit)
1990 http cache retry@https://registry.npmjs.org/retry/-/retry-0.13.1.tgz 0ms (cache hit)
1991 http cache require-from-string@https://registry.npmjs.org/require-from-string/-/require-from-string-2.0.2.tgz 0ms (cache hit)
1992 http cache json-schema-traverse@https://registry.npmjs.org/json-schema-traverse/-/json-schema-traverse-1.0.0.tgz 0ms (cache hit)
1993 http cache @vercel/gatsby-plugin-vercel-builder@https://registry.npmjs.org/@vercel/gatsby-plugin-vercel-builder/-/gatsby-plugin-vercel-builder-2.2.41.tgz 0ms (cache hit)
1994 http cache fast-deep-equal@https://registry.npmjs.org/fast-deep-equal/-/fast-deep-equal-3.1.3.tgz 0ms (cache hit)
1995 http cache json-schema-to-ts@https://registry.npmjs.org/json-schema-to-ts/-/json-schema-to-ts-1.6.4.tgz 0ms (cache hit)
1996 http cache @vercel/gatsby-plugin-vercel-analytics@https://registry.npmjs.org/@vercel/gatsby-plugin-vercel-analytics/-/gatsby-plugin-vercel-analytics-1.0.12.tgz 0ms (cache hit)
1997 http cache ajv@https://registry.npmjs.org/ajv/-/ajv-8.6.3.tgz 0ms (cache hit)
1998 http cache @sinclair/typebox@https://registry.npmjs.org/@sinclair/typebox/-/typebox-0.25.24.tgz 0ms (cache hit)
1999 http cache @renovatebot/pep440@https://registry.npmjs.org/@renovatebot/pep440/-/pep440-4.2.1.tgz 0ms (cache hit)
2000 http cache web-vitals@https://registry.npmjs.org/web-vitals/-/web-vitals-0.2.4.tgz 0ms (cache hit)
2001 http cache uri-js@https://registry.npmjs.org/uri-js/-/uri-js-4.4.1.tgz 0ms (cache hit)
2002 http cache js-yaml@https://registry.npmjs.org/js-yaml/-/js-yaml-4.1.1.tgz 0ms (cache hit)
2003 http cache minimatch@https://registry.npmjs.org/minimatch/-/minimatch-10.1.1.tgz 0ms (cache hit)
2004 http cache typescript@https://registry.npmjs.org/typescript/-/typescript-5.9.3.tgz 0ms (cache hit)
2005 http cache undici-types@https://registry.npmjs.org/undici-types/-/undici-types-5.26.5.tgz 1ms (cache hit)
2006 http cache @vercel/cli-exec@https://registry.npmjs.org/@vercel/cli-exec/-/cli-exec-1.0.1.tgz 0ms (cache hit)
2007 http cache mime-types@https://registry.npmjs.org/mime-types/-/mime-types-2.1.35.tgz 0ms (cache hit)
2008 http cache etag@https://registry.npmjs.org/etag/-/etag-1.8.1.tgz 0ms (cache hit)
2009 http cache @bytecodealliance/preview2-shim@https://registry.npmjs.org/@bytecodealliance/preview2-shim/-/preview2-shim-0.17.6.tgz 0ms (cache hit)
2010 http cache @types/node@https://registry.npmjs.org/@types/node/-/node-20.11.0.tgz 0ms (cache hit)
2011 http cache @vercel/error-utils@https://registry.npmjs.org/@vercel/error-utils/-/error-utils-2.2.1.tgz 0ms (cache hit)
2012 http cache path-to-regexp-updated@https://registry.npmjs.org/path-to-regexp/-/path-to-regexp-6.3.0.tgz 0ms (cache hit)
2013 http cache edge-runtime@https://registry.npmjs.org/edge-runtime/-/edge-runtime-2.5.9.tgz 0ms (cache hit)
2014 http cache @types/estree@https://registry.npmjs.org/@types/estree/-/estree-1.0.9.tgz 0ms (cache hit)
2015 http cache nopt@https://registry.npmjs.org/nopt/-/nopt-8.1.0.tgz 0ms (cache hit)
2016 http cache @edge-runtime/vm@https://registry.npmjs.org/@edge-runtime/vm/-/vm-3.2.0.tgz 0ms (cache hit)
2017 http cache @edge-runtime/primitives@https://registry.npmjs.org/@edge-runtime/primitives/-/primitives-4.1.0.tgz 0ms (cache hit)
2018 http cache https-proxy-agent@https://registry.npmjs.org/https-proxy-agent/-/https-proxy-agent-7.0.6.tgz 0ms (cache hit)
2019 http cache @edge-runtime/node-utils@https://registry.npmjs.org/@edge-runtime/node-utils/-/node-utils-2.3.0.tgz 0ms (cache hit)
2020 http cache consola@https://registry.npmjs.org/consola/-/consola-3.4.2.tgz 0ms (cache hit)
2021 http cache detect-libc@https://registry.npmjs.org/detect-libc/-/detect-libc-2.1.2.tgz 0ms (cache hit)
2022 http cache resolve-from@https://registry.npmjs.org/resolve-from/-/resolve-from-5.0.0.tgz 0ms (cache hit)
2023 http cache picomatch@https://registry.npmjs.org/picomatch/-/picomatch-4.0.5.tgz 0ms (cache hit)
2024 http cache node-gyp-build@https://registry.npmjs.org/node-gyp-build/-/node-gyp-build-4.8.4.tgz 0ms (cache hit)
2025 http cache glob@https://registry.npmjs.org/glob/-/glob-13.0.6.tgz 0ms (cache hit)
2026 http cache estree-walker@https://registry.npmjs.org/estree-walker/-/estree-walker-2.0.2.tgz 0ms (cache hit)
2027 http cache acorn@https://registry.npmjs.org/acorn/-/acorn-8.18.0.tgz 0ms (cache hit)
2028 http cache bindings@https://registry.npmjs.org/bindings/-/bindings-1.5.0.tgz 0ms (cache hit)
2029 http cache graceful-fs@https://registry.npmjs.org/graceful-fs/-/graceful-fs-4.2.11.tgz 0ms (cache hit)
2030 http cache acorn-import-attributes@https://registry.npmjs.org/acorn-import-attributes/-/acorn-import-attributes-1.9.5.tgz 0ms (cache hit)
2031 http cache async-sema@https://registry.npmjs.org/async-sema/-/async-sema-3.1.1.tgz 0ms (cache hit)
2032 http cache yauzl-promise@https://registry.npmjs.org/yauzl-promise/-/yauzl-promise-2.1.3.tgz 0ms (cache hit)
2033 http cache @mapbox/node-pre-gyp@https://registry.npmjs.org/@mapbox/node-pre-gyp/-/node-pre-gyp-2.0.3.tgz 0ms (cache hit)
2034 http cache @rollup/pluginutils@https://registry.npmjs.org/@rollup/pluginutils/-/pluginutils-5.4.0.tgz 0ms (cache hit)
2035 http cache uid-promise@https://registry.npmjs.org/uid-promise/-/uid-promise-1.0.0.tgz 0ms (cache hit)
2036 http cache tinyexec@https://registry.npmjs.org/tinyexec/-/tinyexec-0.3.2.tgz 0ms (cache hit)
2037 http cache tar@https://registry.npmjs.org/tar/-/tar-7.5.7.tgz 0ms (cache hit)
2038 http cache tree-kill@https://registry.npmjs.org/tree-kill/-/tree-kill-1.2.2.tgz 0ms (cache hit)
2039 http cache stream-to-promise@https://registry.npmjs.org/stream-to-promise/-/stream-to-promise-2.2.0.tgz 0ms (cache hit)
2040 http cache stat-mode@https://registry.npmjs.org/stat-mode/-/stat-mode-0.3.0.tgz 0ms (cache hit)
2041 http cache semver@https://registry.npmjs.org/semver/-/semver-7.5.4.tgz 0ms (cache hit)
2042 http cache promisepipe@https://registry.npmjs.org/promisepipe/-/promisepipe-3.0.0.tgz 0ms (cache hit)
2043 http cache node-fetch@https://registry.npmjs.org/node-fetch/-/node-fetch-2.6.7.tgz 0ms (cache hit)
2044 http cache ms@https://registry.npmjs.org/ms/-/ms-2.1.1.tgz 0ms (cache hit)
2045 http cache micro@https://registry.npmjs.org/micro/-/micro-9.3.5-canary.3.tgz 0ms (cache hit)
2046 http cache generic-pool@https://registry.npmjs.org/generic-pool/-/generic-pool-3.4.2.tgz 0ms (cache hit)
2047 http cache @tootallnate/once@https://registry.npmjs.org/@tootallnate/once/-/once-2.0.0.tgz 0ms (cache hit)
2048 http cache debug@https://registry.npmjs.org/debug/-/debug-4.3.4.tgz 0ms (cache hit)
2049 http cache @vercel/cervel@https://registry.npmjs.org/@vercel/cervel/-/cervel-0.1.46.tgz 0ms (cache hit)
2050 http cache xdg-app-paths@https://registry.npmjs.org/xdg-app-paths/-/xdg-app-paths-5.5.1.tgz 0ms (cache hit)
2051 http cache @napi-rs/keyring-win32-x64-msvc@https://registry.npmjs.org/@napi-rs/keyring-win32-x64-msvc/-/keyring-win32-x64-msvc-1.2.0.tgz 0ms (cache hit)
2052 http cache es-module-lexer@https://registry.npmjs.org/es-module-lexer/-/es-module-lexer-1.5.0.tgz 0ms (cache hit)
2053 http cache cjs-module-lexer@https://registry.npmjs.org/cjs-module-lexer/-/cjs-module-lexer-1.2.3.tgz 0ms (cache hit)
2054 http cache @napi-rs/keyring@https://registry.npmjs.org/@napi-rs/keyring/-/keyring-1.2.0.tgz 0ms (cache hit)
2055 http cache async-listen@https://registry.npmjs.org/async-listen/-/async-listen-3.0.0.tgz 0ms (cache hit)
2056 http cache @vercel/oidc@https://registry.npmjs.org/@vercel/oidc/-/oidc-3.8.4.tgz 0ms (cache hit)
2057 http cache throttleit@https://registry.npmjs.org/throttleit/-/throttleit-2.1.0.tgz 0ms (cache hit)
2058 http cache open@https://registry.npmjs.org/open/-/open-8.4.0.tgz 0ms (cache hit)
2059 http cache async-retry@https://registry.npmjs.org/async-retry/-/async-retry-1.3.3.tgz 0ms (cache hit)
2060 http cache is-buffer@https://registry.npmjs.org/is-buffer/-/is-buffer-2.0.5.tgz 0ms (cache hit)
2061 http cache is-node-process@https://registry.npmjs.org/is-node-process/-/is-node-process-1.2.0.tgz 0ms (cache hit)
2062 http cache tsx@https://registry.npmjs.org/tsx/-/tsx-4.21.0.tgz 0ms (cache hit)
2063 http cache resolve.exports@https://registry.npmjs.org/resolve.exports/-/resolve.exports-2.0.3.tgz 0ms (cache hit)
2064 http cache srvx@https://registry.npmjs.org/srvx/-/srvx-0.11.16.tgz 0ms (cache hit)
2065 http cache ts-morph@https://registry.npmjs.org/ts-morph/-/ts-morph-12.0.0.tgz 0ms (cache hit)
2066 http cache rolldown@https://registry.npmjs.org/rolldown/-/rolldown-1.0.0-rc.1.tgz 0ms (cache hit)
2067 http cache oxc-transform@https://registry.npmjs.org/oxc-transform/-/oxc-transform-0.111.0.tgz 0ms (cache hit)
2068 http cache path-to-regexp@https://registry.npmjs.org/path-to-regexp/-/path-to-regexp-8.3.0.tgz 0ms (cache hit)
2069 http cache get-port@https://registry.npmjs.org/get-port/-/get-port-5.1.1.tgz 0ms (cache hit)
2070 http cache execa@https://registry.npmjs.org/execa/-/execa-3.2.0.tgz 0ms (cache hit)
2071 http cache @vercel/static-config@https://registry.npmjs.org/@vercel/static-config/-/static-config-3.4.1.tgz 0ms (cache hit)
2072 http cache fs-extra@https://registry.npmjs.org/fs-extra/-/fs-extra-11.1.0.tgz 0ms (cache hit)
2073 http cache @vercel/nft@https://registry.npmjs.org/@vercel/nft/-/nft-1.10.0.tgz 0ms (cache hit)
2074 http cache sandbox@https://registry.npmjs.org/sandbox/-/sandbox-3.4.0.tgz 0ms (cache hit)
2075 http cache undici@https://registry.npmjs.org/undici/-/undici-5.29.0.tgz 0ms (cache hit)
2076 http cache smol-toml@https://registry.npmjs.org/smol-toml/-/smol-toml-1.5.2.tgz 0ms (cache hit)
2077 http cache uuid@https://registry.npmjs.org/uuid/-/uuid-14.0.1.tgz 0ms (cache hit)
2078 http cache zod@https://registry.npmjs.org/zod/-/zod-4.1.11.tgz 0ms (cache hit)
2079 http cache jose@https://registry.npmjs.org/jose/-/jose-5.9.6.tgz 0ms (cache hit)
2080 http cache luxon@https://registry.npmjs.org/luxon/-/luxon-3.7.2.tgz 0ms (cache hit)
2081 http cache esbuild@https://registry.npmjs.org/esbuild/-/esbuild-0.27.0.tgz 0ms (cache hit)
2082 http cache jsonc-parser@https://registry.npmjs.org/jsonc-parser/-/jsonc-parser-3.3.1.tgz 0ms (cache hit)
2083 http cache @vercel/remix-builder@https://registry.npmjs.org/@vercel/remix-builder/-/remix-builder-5.9.5.tgz 0ms (cache hit)
2084 http cache chokidar@https://registry.npmjs.org/chokidar/-/chokidar-4.0.0.tgz 0ms (cache hit)
2085 http cache @vercel/static-build@https://registry.npmjs.org/@vercel/static-build/-/static-build-2.12.7.tgz 0ms (cache hit)
2086 http cache @vercel/python-analysis@https://registry.npmjs.org/@vercel/python-analysis/-/python-analysis-0.13.2.tgz 0ms (cache hit)
2087 http cache @vercel/rust@https://registry.npmjs.org/@vercel/rust/-/rust-1.4.2.tgz 0ms (cache hit)
2088 http cache @vercel/python@https://registry.npmjs.org/@vercel/python/-/python-6.57.1.tgz 0ms (cache hit)
2089 http cache @vercel/redwood@https://registry.npmjs.org/@vercel/redwood/-/redwood-2.5.2.tgz 0ms (cache hit)
2090 http cache @vercel/prepare-flags-definitions@https://registry.npmjs.org/@vercel/prepare-flags-definitions/-/prepare-flags-definitions-0.3.0.tgz 0ms (cache hit)
2091 http cache @vercel/node@https://registry.npmjs.org/@vercel/node/-/node-5.10.1.tgz 0ms (cache hit)
2092 http cache @vercel/next@https://registry.npmjs.org/@vercel/next/-/next-4.21.6.tgz 0ms (cache hit)
2093 http cache @vercel/hydrogen@https://registry.npmjs.org/@vercel/hydrogen/-/hydrogen-1.4.2.tgz 0ms (cache hit)
2094 http cache @vercel/nestjs@https://registry.npmjs.org/@vercel/nestjs/-/nestjs-0.2.119.tgz 0ms (cache hit)
2095 http cache @vercel/koa@https://registry.npmjs.org/@vercel/koa/-/koa-0.1.98.tgz 0ms (cache hit)
2096 http cache @vercel/h3@https://registry.npmjs.org/@vercel/h3/-/h3-0.1.124.tgz 0ms (cache hit)
2097 http cache @vercel/hono@https://registry.npmjs.org/@vercel/hono/-/hono-0.2.118.tgz 0ms (cache hit)
2098 http cache @vercel/fastify@https://registry.npmjs.org/@vercel/fastify/-/fastify-0.1.118.tgz 0ms (cache hit)
2099 http cache @vercel/go@https://registry.npmjs.org/@vercel/go/-/go-3.11.0.tgz 0ms (cache hit)
2100 http cache @vercel/fun@https://registry.npmjs.org/@vercel/fun/-/fun-1.3.0.tgz 0ms (cache hit)
2101 http cache @vercel/express@https://registry.npmjs.org/@vercel/express/-/express-0.1.129.tgz 0ms (cache hit)
2102 http cache @vercel/elysia@https://registry.npmjs.org/@vercel/elysia/-/elysia-0.1.115.tgz 0ms (cache hit)
2103 http cache @vercel/container@https://registry.npmjs.org/@vercel/container/-/container-0.2.0.tgz 0ms (cache hit)
2104 http cache @vercel/detect-agent@https://registry.npmjs.org/@vercel/detect-agent/-/detect-agent-1.2.5.tgz 0ms (cache hit)
2105 http cache @vercel/cli-config@https://registry.npmjs.org/@vercel/cli-config/-/cli-config-0.2.3.tgz 0ms (cache hit)
2106 http cache @vercel/build-utils@https://registry.npmjs.org/@vercel/build-utils/-/build-utils-14.1.1.tgz 0ms (cache hit)
2107 http cache vercel@https://registry.npmjs.org/vercel/-/vercel-59.1.4.tgz 0ms (cache hit)
2108 http cache @vercel/backends@https://registry.npmjs.org/@vercel/backends/-/backends-0.8.38.tgz 0ms (cache hit)
2109 http cache @vercel/cli-auth@https://registry.npmjs.org/@vercel/cli-auth/-/cli-auth-0.3.4.tgz 0ms (cache hit)
2110 http cache @vercel/blob@https://registry.npmjs.org/@vercel/blob/-/blob-2.8.0.tgz 0ms (cache hit)
2111 http cache undici@https://registry.npmjs.org/undici/-/undici-7.29.0.tgz 0ms (cache hit)
2112 http cache minimatch@https://registry.npmjs.org/minimatch/-/minimatch-3.1.5.tgz 0ms (cache hit)
2113 http cache @vercel/oidc@https://registry.npmjs.org/@vercel/oidc/-/oidc-3.2.0.tgz 0ms (cache hit)
2114 http cache picocolors@https://registry.npmjs.org/picocolors/-/picocolors-1.1.1.tgz 0ms (cache hit)
2115 http cache ms@https://registry.npmjs.org/ms/-/ms-2.1.3.tgz 0ms (cache hit)
2116 http cache jose@https://registry.npmjs.org/jose/-/jose-6.2.3.tgz 0ms (cache hit)
2117 http cache picomatch@https://registry.npmjs.org/picomatch/-/picomatch-2.3.2.tgz 0ms (cache hit)
2118 http cache signal-exit@https://registry.npmjs.org/signal-exit/-/signal-exit-3.0.7.tgz 0ms (cache hit)
2119 http cache async-listen@https://registry.npmjs.org/async-listen/-/async-listen-3.0.1.tgz 0ms (cache hit)
2120 http cache human-signals@https://registry.npmjs.org/human-signals/-/human-signals-2.1.0.tgz 0ms (cache hit)
2121 http cache execa@https://registry.npmjs.org/execa/-/execa-5.1.1.tgz 0ms (cache hit)
2122 http cache get-stream@https://registry.npmjs.org/get-stream/-/get-stream-6.0.1.tgz 0ms (cache hit)
2123 http cache once@https://registry.npmjs.org/once/-/once-1.3.3.tgz 0ms (cache hit)
2124 http cache @vercel/ruby@https://registry.npmjs.org/@vercel/ruby/-/ruby-2.5.1.tgz 0ms (cache hit)
2125 http cache balanced-match@https://registry.npmjs.org/balanced-match/-/balanced-match-4.0.4.tgz 0ms (cache hit)
2126 http cache minimatch@https://registry.npmjs.org/minimatch/-/minimatch-10.2.6.tgz 0ms (cache hit)
2127 http cache xdg-app-paths@https://registry.npmjs.org/xdg-app-paths/-/xdg-app-paths-5.1.0.tgz 0ms (cache hit)
2128 http cache end-of-stream@https://registry.npmjs.org/end-of-stream/-/end-of-stream-1.1.0.tgz 0ms (cache hit)
2129 http cache signal-exit@https://registry.npmjs.org/signal-exit/-/signal-exit-3.0.7.tgz 0ms (cache hit)
2130 http cache brace-expansion@https://registry.npmjs.org/brace-expansion/-/brace-expansion-5.0.9.tgz 0ms (cache hit)
2131 http cache yallist@https://registry.npmjs.org/yallist/-/yallist-4.0.0.tgz 0ms (cache hit)
2132 http cache ms@https://registry.npmjs.org/ms/-/ms-2.1.2.tgz 0ms (cache hit)
2133 http cache ms@https://registry.npmjs.org/ms/-/ms-2.1.3.tgz 0ms (cache hit)
2134 http cache debug@https://registry.npmjs.org/debug/-/debug-4.4.3.tgz 0ms (cache hit)
2135 http cache signal-exit@https://registry.npmjs.org/signal-exit/-/signal-exit-3.0.7.tgz 0ms (cache hit)
2136 http cache path-to-regexp@https://registry.npmjs.org/path-to-regexp/-/path-to-regexp-6.1.0.tgz 0ms (cache hit)
2137 http cache get-stream@https://registry.npmjs.org/get-stream/-/get-stream-6.0.1.tgz 0ms (cache hit)
2138 http cache semver@https://registry.npmjs.org/semver/-/semver-6.3.1.tgz 0ms (cache hit)
2139 http cache human-signals@https://registry.npmjs.org/human-signals/-/human-signals-2.1.0.tgz 0ms (cache hit)
2140 http cache fs-extra@https://registry.npmjs.org/fs-extra/-/fs-extra-11.1.1.tgz 0ms (cache hit)
2141 http cache execa@https://registry.npmjs.org/execa/-/execa-5.1.1.tgz 0ms (cache hit)
2142 http cache zod@https://registry.npmjs.org/zod/-/zod-3.22.4.tgz 0ms (cache hit)
2143 http cache undici@https://registry.npmjs.org/undici/-/undici-5.28.4.tgz 0ms (cache hit)
2144 http cache es-module-lexer@https://registry.npmjs.org/es-module-lexer/-/es-module-lexer-1.4.1.tgz 0ms (cache hit)
2145 http cache path-to-regexp@https://registry.npmjs.org/path-to-regexp/-/path-to-regexp-6.1.0.tgz 0ms (cache hit)
2146 http cache node-fetch@https://registry.npmjs.org/node-fetch/-/node-fetch-2.6.9.tgz 0ms (cache hit)
2147 http cache zod@https://registry.npmjs.org/zod/-/zod-3.22.4.tgz 0ms (cache hit)
2148 http cache xdg-app-paths@https://registry.npmjs.org/xdg-app-paths/-/xdg-app-paths-5.1.0.tgz 0ms (cache hit)
2149 http cache zod@https://registry.npmjs.org/zod/-/zod-3.22.4.tgz 0ms (cache hit)
2150 http cache zod@https://registry.npmjs.org/zod/-/zod-3.22.4.tgz 0ms (cache hit)
2151 http cache lru-cache@https://registry.npmjs.org/lru-cache/-/lru-cache-6.0.0.tgz 0ms (cache hit)
2152 http cache path-to-regexp@https://registry.npmjs.org/path-to-regexp/-/path-to-regexp-8.2.0.tgz 0ms (cache hit)
2153 silly tarball no local data for concat-map@https://registry.npmjs.org/concat-map/-/concat-map-0.0.1.tgz. Extracting by manifest.
2154 http cache undici@https://registry.npmjs.org/undici/-/undici-6.28.0.tgz 0ms (cache hit)
2155 silly tarball no local data for balanced-match@https://registry.npmjs.org/balanced-match/-/balanced-match-1.0.2.tgz. Extracting by manifest.
2156 http cache async-listen@https://registry.npmjs.org/async-listen/-/async-listen-1.2.0.tgz 0ms (cache hit)
2157 silly tarball no local data for brace-expansion@https://registry.npmjs.org/brace-expansion/-/brace-expansion-1.1.18.tgz. Extracting by manifest.
2158 silly tarball no local data for events-intercept@https://registry.npmjs.org/events-intercept/-/events-intercept-2.0.0.tgz. Extracting by manifest.
2159 silly tarball no local data for pend@https://registry.npmjs.org/pend/-/pend-1.2.0.tgz. Extracting by manifest.
2160 silly tarball no local data for yauzl-clone@https://registry.npmjs.org/yauzl-clone/-/yauzl-clone-1.0.4.tgz. Extracting by manifest.
2161 silly tarball no local data for buffer-crc32@https://registry.npmjs.org/buffer-crc32/-/buffer-crc32-0.2.13.tgz. Extracting by manifest.
2162 silly tarball no local data for yauzl@https://registry.npmjs.org/yauzl/-/yauzl-2.10.0.tgz. Extracting by manifest.
2163 silly tarball no local data for fd-slicer@https://registry.npmjs.org/fd-slicer/-/fd-slicer-1.1.0.tgz. Extracting by manifest.
2164 silly tarball no local data for xdg-portable@https://registry.npmjs.org/xdg-portable/-/xdg-portable-7.3.0.tgz. Extracting by manifest.
2165 silly tarball no local data for isexe@https://registry.npmjs.org/isexe/-/isexe-2.0.0.tgz. Extracting by manifest.
2166 silly tarball no local data for os-paths@https://registry.npmjs.org/os-paths/-/os-paths-4.4.0.tgz. Extracting by manifest.
2167 silly tarball no local data for webidl-conversions@https://registry.npmjs.org/webidl-conversions/-/webidl-conversions-3.0.1.tgz. Extracting by manifest.
2168 silly tarball no local data for @fastify/busboy@https://registry.npmjs.org/@fastify/busboy/-/busboy-2.1.1.tgz. Extracting by manifest.
2169 silly tarball no local data for resolve-pkg-maps@https://registry.npmjs.org/resolve-pkg-maps/-/resolve-pkg-maps-1.0.0.tgz. Extracting by manifest.
2170 silly tarball no local data for tr46@https://registry.npmjs.org/tr46/-/tr46-0.0.3.tgz. Extracting by manifest.
2171 silly tarball no local data for punycode@https://registry.npmjs.org/punycode/-/punycode-2.3.1.tgz. Extracting by manifest.
2172 silly tarball no local data for is-number@https://registry.npmjs.org/is-number/-/is-number-7.0.0.tgz. Extracting by manifest.
2173 silly tarball no local data for get-tsconfig@https://registry.npmjs.org/get-tsconfig/-/get-tsconfig-4.14.3.tgz. Extracting by manifest.
2174 silly tarball no local data for queue-microtask@https://registry.npmjs.org/queue-microtask/-/queue-microtask-1.2.3.tgz. Extracting by manifest.
2175 silly tarball no local data for to-regex-range@https://registry.npmjs.org/to-regex-range/-/to-regex-range-5.0.1.tgz. Extracting by manifest.
2176 silly tarball no local data for braces@https://registry.npmjs.org/braces/-/braces-3.0.3.tgz. Extracting by manifest.
2177 silly tarball no local data for is-extglob@https://registry.npmjs.org/is-extglob/-/is-extglob-2.1.1.tgz. Extracting by manifest.
2178 silly tarball no local data for is-glob@https://registry.npmjs.org/is-glob/-/is-glob-4.0.3.tgz. Extracting by manifest.
2179 silly tarball no local data for reusify@https://registry.npmjs.org/reusify/-/reusify-1.1.0.tgz. Extracting by manifest.
2180 silly tarball no local data for run-parallel@https://registry.npmjs.org/run-parallel/-/run-parallel-1.2.0.tgz. Extracting by manifest.
2181 silly tarball no local data for @nodelib/fs.scandir@https://registry.npmjs.org/@nodelib/fs.scandir/-/fs.scandir-2.1.5.tgz. Extracting by manifest.
2182 silly tarball no local data for fastq@https://registry.npmjs.org/fastq/-/fastq-1.20.1.tgz. Extracting by manifest.
2183 silly tarball no local data for @nodelib/fs.walk@https://registry.npmjs.org/@nodelib/fs.walk/-/fs.walk-1.2.8.tgz. Extracting by manifest.
2184 silly tarball no local data for fill-range@https://registry.npmjs.org/fill-range/-/fill-range-7.1.1.tgz. Extracting by manifest.
2185 silly tarball no local data for @nodelib/fs.stat@https://registry.npmjs.org/@nodelib/fs.stat/-/fs.stat-2.0.5.tgz. Extracting by manifest.
2186 silly tarball no local data for merge2@https://registry.npmjs.org/merge2/-/merge2-1.4.1.tgz. Extracting by manifest.
2187 silly tarball no local data for glob-parent@https://registry.npmjs.org/glob-parent/-/glob-parent-5.1.2.tgz. Extracting by manifest.
2188 silly tarball no local data for micromatch@https://registry.npmjs.org/micromatch/-/micromatch-4.0.8.tgz. Extracting by manifest.
2189 silly tarball no local data for path-browserify@https://registry.npmjs.org/path-browserify/-/path-browserify-1.0.1.tgz. Extracting by manifest.
2190 silly tarball no local data for mkdirp@https://registry.npmjs.org/mkdirp/-/mkdirp-1.0.4.tgz. Extracting by manifest.
2191 silly tarball no local data for @ts-morph/common@https://registry.npmjs.org/@ts-morph/common/-/common-0.11.1.tgz. Extracting by manifest.
2192 silly tarball no local data for fast-glob@https://registry.npmjs.org/fast-glob/-/fast-glob-3.3.3.tgz. Extracting by manifest.
2193 silly tarball no local data for convert-hrtime@https://registry.npmjs.org/convert-hrtime/-/convert-hrtime-3.0.0.tgz. Extracting by manifest.
2194 silly tarball no local data for code-block-writer@https://registry.npmjs.org/code-block-writer/-/code-block-writer-10.1.1.tgz. Extracting by manifest.
2195 silly tarball no local data for bare-events@https://registry.npmjs.org/bare-events/-/bare-events-2.9.1.tgz. Extracting by manifest.
2196 silly tarball no local data for events-universal@https://registry.npmjs.org/events-universal/-/events-universal-1.0.1.tgz. Extracting by manifest.
2197 silly tarball no local data for text-decoder@https://registry.npmjs.org/text-decoder/-/text-decoder-1.2.7.tgz. Extracting by manifest.
2198 silly tarball no local data for fast-fifo@https://registry.npmjs.org/fast-fifo/-/fast-fifo-1.3.2.tgz. Extracting by manifest.
2199 silly tarball no local data for yallist@https://registry.npmjs.org/yallist/-/yallist-5.0.0.tgz. Extracting by manifest.
2200 silly tarball no local data for streamx@https://registry.npmjs.org/streamx/-/streamx-2.28.0.tgz. Extracting by manifest.
2201 silly tarball no local data for b4a@https://registry.npmjs.org/b4a/-/b4a-1.8.1.tgz. Extracting by manifest.
2202 silly tarball no local data for minizlib@https://registry.npmjs.org/minizlib/-/minizlib-3.1.0.tgz. Extracting by manifest.
2203 silly tarball no local data for @isaacs/fs-minipass@https://registry.npmjs.org/@isaacs/fs-minipass/-/fs-minipass-4.0.1.tgz. Extracting by manifest.
2204 silly tarball no local data for chownr@https://registry.npmjs.org/chownr/-/chownr-3.0.0.tgz. Extracting by manifest.
2205 silly tarball no local data for tar-stream@https://registry.npmjs.org/tar-stream/-/tar-stream-3.1.7.tgz. Extracting by manifest.
2206 silly tarball no local data for stream-to-array@https://registry.npmjs.org/stream-to-array/-/stream-to-array-2.3.0.tgz. Extracting by manifest.
2207 silly tarball no local data for shebang-regex@https://registry.npmjs.org/shebang-regex/-/shebang-regex-3.0.0.tgz. Extracting by manifest.
2208 silly tarball no local data for @workflow/serde@https://registry.npmjs.org/@workflow/serde/-/serde-4.1.0-beta.2.tgz. Extracting by manifest.
2209 silly tarball no local data for @rolldown/pluginutils@https://registry.npmjs.org/@rolldown/pluginutils/-/pluginutils-1.0.0-rc.1.tgz. Extracting by manifest.
2210 silly tarball no local data for @vercel/sandbox@https://registry.npmjs.org/@vercel/sandbox/-/sandbox-2.4.0.tgz. Extracting by manifest.
2211 silly tarball no local data for jsonlines@https://registry.npmjs.org/jsonlines/-/jsonlines-0.1.1.tgz. Extracting by manifest.
2212 silly tarball no local data for @rolldown/binding-win32-x64-msvc@https://registry.npmjs.org/@rolldown/binding-win32-x64-msvc/-/binding-win32-x64-msvc-1.0.0-rc.1.tgz. Extracting by manifest.
2213 silly tarball no local data for any-promise@https://registry.npmjs.org/any-promise/-/any-promise-1.3.0.tgz. Extracting by manifest.
2214 silly tarball no local data for ws@https://registry.npmjs.org/ws/-/ws-8.21.3.tgz. Extracting by manifest.
2215 silly tarball no local data for @oxc-project/types@https://registry.npmjs.org/@oxc-project/types/-/types-0.110.0.tgz. Extracting by manifest.
2216 silly tarball no local data for safer-buffer@https://registry.npmjs.org/safer-buffer/-/safer-buffer-2.1.2.tgz. Extracting by manifest.
2217 silly tarball no local data for statuses@https://registry.npmjs.org/statuses/-/statuses-1.5.0.tgz. Extracting by manifest.
2218 silly tarball no local data for toidentifier@https://registry.npmjs.org/toidentifier/-/toidentifier-1.0.0.tgz. Extracting by manifest.
2219 silly tarball no local data for setprototypeof@https://registry.npmjs.org/setprototypeof/-/setprototypeof-1.1.1.tgz. Extracting by manifest.
2220 silly tarball no local data for unpipe@https://registry.npmjs.org/unpipe/-/unpipe-1.0.0.tgz. Extracting by manifest.
2221 silly tarball no local data for inherits@https://registry.npmjs.org/inherits/-/inherits-2.0.4.tgz. Extracting by manifest.
2222 silly tarball no local data for iconv-lite@https://registry.npmjs.org/iconv-lite/-/iconv-lite-0.4.24.tgz. Extracting by manifest.
2223 silly tarball no local data for http-errors@https://registry.npmjs.org/http-errors/-/http-errors-1.7.3.tgz. Extracting by manifest.
2224 silly tarball no local data for wrappy@https://registry.npmjs.org/wrappy/-/wrappy-1.0.2.tgz. Extracting by manifest.
2225 silly tarball no local data for @oxc-transform/binding-win32-x64-msvc@https://registry.npmjs.org/@oxc-transform/binding-win32-x64-msvc/-/binding-win32-x64-msvc-0.111.0.tgz. Extracting by manifest.
2226 silly tarball no local data for depd@https://registry.npmjs.org/depd/-/depd-1.1.2.tgz. Extracting by manifest.
2227 silly tarball no local data for bytes@https://registry.npmjs.org/bytes/-/bytes-3.1.0.tgz. Extracting by manifest.
2228 silly tarball no local data for parse-ms@https://registry.npmjs.org/parse-ms/-/parse-ms-2.1.0.tgz. Extracting by manifest.
2229 silly tarball no local data for once@https://registry.npmjs.org/once/-/once-1.4.0.tgz. Extracting by manifest.
2230 silly tarball no local data for end-of-stream@https://registry.npmjs.org/end-of-stream/-/end-of-stream-1.4.5.tgz. Extracting by manifest.
2231 silly tarball no local data for lru-cache@https://registry.npmjs.org/lru-cache/-/lru-cache-11.5.2.tgz. Extracting by manifest.
2232 silly tarball no local data for is-wsl@https://registry.npmjs.org/is-wsl/-/is-wsl-2.2.0.tgz. Extracting by manifest.
2233 silly tarball no local data for is-docker@https://registry.npmjs.org/is-docker/-/is-docker-2.2.1.tgz. Extracting by manifest.
2234 silly tarball no local data for define-lazy-prop@https://registry.npmjs.org/define-lazy-prop/-/define-lazy-prop-2.0.0.tgz. Extracting by manifest.
2235 silly tarball no local data for @isaacs/brace-expansion@https://registry.npmjs.org/@isaacs/brace-expansion/-/brace-expansion-5.0.1.tgz. Extracting by manifest.
2236 silly tarball no local data for @isaacs/balanced-match@https://registry.npmjs.org/@isaacs/balanced-match/-/balanced-match-4.0.1.tgz. Extracting by manifest.
2237 silly tarball no local data for whatwg-url@https://registry.npmjs.org/whatwg-url/-/whatwg-url-5.0.0.tgz. Extracting by manifest.
2238 silly tarball no local data for abbrev@https://registry.npmjs.org/abbrev/-/abbrev-3.0.1.tgz. Extracting by manifest.
2239 silly tarball no local data for mimic-fn@https://registry.npmjs.org/mimic-fn/-/mimic-fn-2.1.0.tgz. Extracting by manifest.
2240 silly tarball no local data for mime-db@https://registry.npmjs.org/mime-db/-/mime-db-1.52.0.tgz. Extracting by manifest.
2241 silly tarball no local data for raw-body@https://registry.npmjs.org/raw-body/-/raw-body-2.4.1.tgz. Extracting by manifest.
2242 silly tarball no local data for content-type@https://registry.npmjs.org/content-type/-/content-type-1.0.4.tgz. Extracting by manifest.
2243 silly tarball no local data for argparse@https://registry.npmjs.org/argparse/-/argparse-2.0.1.tgz. Extracting by manifest.
2244 silly tarball no local data for arg@https://registry.npmjs.org/arg/-/arg-4.1.0.tgz. Extracting by manifest.
2245 silly tarball no local data for ts-toolbelt@https://registry.npmjs.org/ts-toolbelt/-/ts-toolbelt-6.15.5.tgz. Extracting by manifest.
2246 silly tarball no local data for agent-base@https://registry.npmjs.org/agent-base/-/agent-base-7.1.4.tgz. Extracting by manifest.
2247 silly tarball no local data for @types/json-schema@https://registry.npmjs.org/@types/json-schema/-/json-schema-7.0.15.tgz. Extracting by manifest.
2248 silly tarball no local data for path-scurry@https://registry.npmjs.org/path-scurry/-/path-scurry-2.0.2.tgz. Extracting by manifest.
2249 silly tarball no local data for universalify@https://registry.npmjs.org/universalify/-/universalify-2.0.1.tgz. Extracting by manifest.
2250 silly tarball no local data for minipass@https://registry.npmjs.org/minipass/-/minipass-7.1.3.tgz. Extracting by manifest.
2251 silly tarball no local data for pump@https://registry.npmjs.org/pump/-/pump-3.0.4.tgz. Extracting by manifest.
2252 silly tarball no local data for which@https://registry.npmjs.org/which/-/which-2.0.2.tgz. Extracting by manifest.
2253 silly tarball no local data for jsonfile@https://registry.npmjs.org/jsonfile/-/jsonfile-6.2.1.tgz. Extracting by manifest.
2254 silly tarball no local data for shebang-command@https://registry.npmjs.org/shebang-command/-/shebang-command-2.0.0.tgz. Extracting by manifest.
2255 silly tarball no local data for strip-final-newline@https://registry.npmjs.org/strip-final-newline/-/strip-final-newline-2.0.0.tgz. Extracting by manifest.
2256 silly tarball no local data for path-key@https://registry.npmjs.org/path-key/-/path-key-3.1.1.tgz. Extracting by manifest.
2257 silly tarball no local data for p-finally@https://registry.npmjs.org/p-finally/-/p-finally-2.0.1.tgz. Extracting by manifest.
2258 silly tarball no local data for npm-run-path@https://registry.npmjs.org/npm-run-path/-/npm-run-path-4.0.1.tgz. Extracting by manifest.
2259 silly tarball no local data for onetime@https://registry.npmjs.org/onetime/-/onetime-5.1.2.tgz. Extracting by manifest.
2260 silly tarball no local data for human-signals@https://registry.npmjs.org/human-signals/-/human-signals-1.1.1.tgz. Extracting by manifest.
2261 silly tarball no local data for merge-stream@https://registry.npmjs.org/merge-stream/-/merge-stream-2.0.0.tgz. Extracting by manifest.
2262 silly tarball no local data for is-stream@https://registry.npmjs.org/is-stream/-/is-stream-2.0.1.tgz. Extracting by manifest.
2263 silly tarball no local data for get-stream@https://registry.npmjs.org/get-stream/-/get-stream-5.2.0.tgz. Extracting by manifest.
2264 silly tarball no local data for @esbuild/win32-x64@https://registry.npmjs.org/@esbuild/win32-x64/-/win32-x64-0.27.0.tgz. Extracting by manifest.
2265 silly tarball no local data for time-span@https://registry.npmjs.org/time-span/-/time-span-4.0.0.tgz. Extracting by manifest.
2266 silly tarball no local data for pretty-ms@https://registry.npmjs.org/pretty-ms/-/pretty-ms-7.0.1.tgz. Extracting by manifest.
2267 silly tarball no local data for cross-spawn@https://registry.npmjs.org/cross-spawn/-/cross-spawn-7.0.6.tgz. Extracting by manifest.
2268 silly tarball no local data for signal-exit@https://registry.npmjs.org/signal-exit/-/signal-exit-4.0.2.tgz. Extracting by manifest.
2269 silly tarball no local data for @edge-runtime/format@https://registry.npmjs.org/@edge-runtime/format/-/format-2.2.1.tgz. Extracting by manifest.
2270 silly tarball no local data for picocolors@https://registry.npmjs.org/picocolors/-/picocolors-1.0.0.tgz. Extracting by manifest.
2271 silly tarball no local data for @edge-runtime/ponyfill@https://registry.npmjs.org/@edge-runtime/ponyfill/-/ponyfill-2.4.2.tgz. Extracting by manifest.
2272 silly tarball no local data for readdirp@https://registry.npmjs.org/readdirp/-/readdirp-4.1.2.tgz. Extracting by manifest.
2273 silly tarball no local data for mri@https://registry.npmjs.org/mri/-/mri-1.2.0.tgz. Extracting by manifest.
2274 silly tarball no local data for file-uri-to-path@https://registry.npmjs.org/file-uri-to-path/-/file-uri-to-path-1.0.0.tgz. Extracting by manifest.
2275 silly tarball no local data for require-from-string@https://registry.npmjs.org/require-from-string/-/require-from-string-2.0.2.tgz. Extracting by manifest.
2276 silly tarball no local data for retry@https://registry.npmjs.org/retry/-/retry-0.13.1.tgz. Extracting by manifest.
2277 silly tarball no local data for json-schema-traverse@https://registry.npmjs.org/json-schema-traverse/-/json-schema-traverse-1.0.0.tgz. Extracting by manifest.
2278 silly tarball no local data for @vercel/gatsby-plugin-vercel-builder@https://registry.npmjs.org/@vercel/gatsby-plugin-vercel-builder/-/gatsby-plugin-vercel-builder-2.2.41.tgz. Extracting by manifest.
2279 silly tarball no local data for fast-deep-equal@https://registry.npmjs.org/fast-deep-equal/-/fast-deep-equal-3.1.3.tgz. Extracting by manifest.
2280 silly tarball no local data for json-schema-to-ts@https://registry.npmjs.org/json-schema-to-ts/-/json-schema-to-ts-1.6.4.tgz. Extracting by manifest.
2281 silly tarball no local data for @vercel/gatsby-plugin-vercel-analytics@https://registry.npmjs.org/@vercel/gatsby-plugin-vercel-analytics/-/gatsby-plugin-vercel-analytics-1.0.12.tgz. Extracting by manifest.
2282 silly tarball no local data for ajv@https://registry.npmjs.org/ajv/-/ajv-8.6.3.tgz. Extracting by manifest.
2283 silly tarball no local data for @sinclair/typebox@https://registry.npmjs.org/@sinclair/typebox/-/typebox-0.25.24.tgz. Extracting by manifest.
2284 silly tarball no local data for @renovatebot/pep440@https://registry.npmjs.org/@renovatebot/pep440/-/pep440-4.2.1.tgz. Extracting by manifest.
2285 silly tarball no local data for web-vitals@https://registry.npmjs.org/web-vitals/-/web-vitals-0.2.4.tgz. Extracting by manifest.
2286 silly tarball no local data for uri-js@https://registry.npmjs.org/uri-js/-/uri-js-4.4.1.tgz. Extracting by manifest.
2287 silly tarball no local data for js-yaml@https://registry.npmjs.org/js-yaml/-/js-yaml-4.1.1.tgz. Extracting by manifest.
2288 silly tarball no local data for minimatch@https://registry.npmjs.org/minimatch/-/minimatch-10.1.1.tgz. Extracting by manifest.
2289 silly tarball no local data for undici-types@https://registry.npmjs.org/undici-types/-/undici-types-5.26.5.tgz. Extracting by manifest.
2290 silly tarball no local data for @vercel/cli-exec@https://registry.npmjs.org/@vercel/cli-exec/-/cli-exec-1.0.1.tgz. Extracting by manifest.
2291 silly tarball no local data for mime-types@https://registry.npmjs.org/mime-types/-/mime-types-2.1.35.tgz. Extracting by manifest.
2292 silly tarball no local data for etag@https://registry.npmjs.org/etag/-/etag-1.8.1.tgz. Extracting by manifest.
2293 silly tarball no local data for @bytecodealliance/preview2-shim@https://registry.npmjs.org/@bytecodealliance/preview2-shim/-/preview2-shim-0.17.6.tgz. Extracting by manifest.
2294 silly tarball no local data for @types/node@https://registry.npmjs.org/@types/node/-/node-20.11.0.tgz. Extracting by manifest.
2295 silly tarball no local data for @vercel/error-utils@https://registry.npmjs.org/@vercel/error-utils/-/error-utils-2.2.1.tgz. Extracting by manifest.
2296 silly tarball no local data for path-to-regexp-updated@https://registry.npmjs.org/path-to-regexp/-/path-to-regexp-6.3.0.tgz. Extracting by manifest.
2297 silly tarball no local data for edge-runtime@https://registry.npmjs.org/edge-runtime/-/edge-runtime-2.5.9.tgz. Extracting by manifest.
2298 silly tarball no local data for @types/estree@https://registry.npmjs.org/@types/estree/-/estree-1.0.9.tgz. Extracting by manifest.
2299 silly tarball no local data for nopt@https://registry.npmjs.org/nopt/-/nopt-8.1.0.tgz. Extracting by manifest.
2300 silly tarball no local data for @edge-runtime/vm@https://registry.npmjs.org/@edge-runtime/vm/-/vm-3.2.0.tgz. Extracting by manifest.
2301 silly tarball no local data for @edge-runtime/primitives@https://registry.npmjs.org/@edge-runtime/primitives/-/primitives-4.1.0.tgz. Extracting by manifest.
2302 silly tarball no local data for https-proxy-agent@https://registry.npmjs.org/https-proxy-agent/-/https-proxy-agent-7.0.6.tgz. Extracting by manifest.
2303 silly tarball no local data for @edge-runtime/node-utils@https://registry.npmjs.org/@edge-runtime/node-utils/-/node-utils-2.3.0.tgz. Extracting by manifest.
2304 silly tarball no local data for consola@https://registry.npmjs.org/consola/-/consola-3.4.2.tgz. Extracting by manifest.
2305 silly tarball no local data for resolve-from@https://registry.npmjs.org/resolve-from/-/resolve-from-5.0.0.tgz. Extracting by manifest.
2306 silly tarball no local data for picomatch@https://registry.npmjs.org/picomatch/-/picomatch-4.0.5.tgz. Extracting by manifest.
2307 silly tarball no local data for node-gyp-build@https://registry.npmjs.org/node-gyp-build/-/node-gyp-build-4.8.4.tgz. Extracting by manifest.
2308 silly tarball no local data for glob@https://registry.npmjs.org/glob/-/glob-13.0.6.tgz. Extracting by manifest.
2309 silly tarball no local data for estree-walker@https://registry.npmjs.org/estree-walker/-/estree-walker-2.0.2.tgz. Extracting by manifest.
2310 silly tarball no local data for acorn@https://registry.npmjs.org/acorn/-/acorn-8.18.0.tgz. Extracting by manifest.
2311 silly tarball no local data for bindings@https://registry.npmjs.org/bindings/-/bindings-1.5.0.tgz. Extracting by manifest.
2312 silly tarball no local data for graceful-fs@https://registry.npmjs.org/graceful-fs/-/graceful-fs-4.2.11.tgz. Extracting by manifest.
2313 silly tarball no local data for acorn-import-attributes@https://registry.npmjs.org/acorn-import-attributes/-/acorn-import-attributes-1.9.5.tgz. Extracting by manifest.
2314 silly tarball no local data for async-sema@https://registry.npmjs.org/async-sema/-/async-sema-3.1.1.tgz. Extracting by manifest.
2315 silly tarball no local data for yauzl-promise@https://registry.npmjs.org/yauzl-promise/-/yauzl-promise-2.1.3.tgz. Extracting by manifest.
2316 silly tarball no local data for @mapbox/node-pre-gyp@https://registry.npmjs.org/@mapbox/node-pre-gyp/-/node-pre-gyp-2.0.3.tgz. Extracting by manifest.
2317 silly tarball no local data for @rollup/pluginutils@https://registry.npmjs.org/@rollup/pluginutils/-/pluginutils-5.4.0.tgz. Extracting by manifest.
2318 silly tarball no local data for uid-promise@https://registry.npmjs.org/uid-promise/-/uid-promise-1.0.0.tgz. Extracting by manifest.
2319 silly tarball no local data for tinyexec@https://registry.npmjs.org/tinyexec/-/tinyexec-0.3.2.tgz. Extracting by manifest.
2320 silly tarball no local data for tar@https://registry.npmjs.org/tar/-/tar-7.5.7.tgz. Extracting by manifest.
2321 silly tarball no local data for tree-kill@https://registry.npmjs.org/tree-kill/-/tree-kill-1.2.2.tgz. Extracting by manifest.
2322 silly tarball no local data for stream-to-promise@https://registry.npmjs.org/stream-to-promise/-/stream-to-promise-2.2.0.tgz. Extracting by manifest.
2323 silly tarball no local data for stat-mode@https://registry.npmjs.org/stat-mode/-/stat-mode-0.3.0.tgz. Extracting by manifest.
2324 silly tarball no local data for semver@https://registry.npmjs.org/semver/-/semver-7.5.4.tgz. Extracting by manifest.
2325 silly tarball no local data for promisepipe@https://registry.npmjs.org/promisepipe/-/promisepipe-3.0.0.tgz. Extracting by manifest.
2326 silly tarball no local data for node-fetch@https://registry.npmjs.org/node-fetch/-/node-fetch-2.6.7.tgz. Extracting by manifest.
2327 silly tarball no local data for ms@https://registry.npmjs.org/ms/-/ms-2.1.1.tgz. Extracting by manifest.
2328 silly tarball no local data for micro@https://registry.npmjs.org/micro/-/micro-9.3.5-canary.3.tgz. Extracting by manifest.
2329 silly tarball no local data for generic-pool@https://registry.npmjs.org/generic-pool/-/generic-pool-3.4.2.tgz. Extracting by manifest.
2330 silly tarball no local data for @tootallnate/once@https://registry.npmjs.org/@tootallnate/once/-/once-2.0.0.tgz. Extracting by manifest.
2331 silly tarball no local data for debug@https://registry.npmjs.org/debug/-/debug-4.3.4.tgz. Extracting by manifest.
2332 silly tarball no local data for @vercel/cervel@https://registry.npmjs.org/@vercel/cervel/-/cervel-0.1.46.tgz. Extracting by manifest.
2333 silly tarball no local data for xdg-app-paths@https://registry.npmjs.org/xdg-app-paths/-/xdg-app-paths-5.5.1.tgz. Extracting by manifest.
2334 silly tarball no local data for @napi-rs/keyring-win32-x64-msvc@https://registry.npmjs.org/@napi-rs/keyring-win32-x64-msvc/-/keyring-win32-x64-msvc-1.2.0.tgz. Extracting by manifest.
2335 silly tarball no local data for es-module-lexer@https://registry.npmjs.org/es-module-lexer/-/es-module-lexer-1.5.0.tgz. Extracting by manifest.
2336 silly tarball no local data for cjs-module-lexer@https://registry.npmjs.org/cjs-module-lexer/-/cjs-module-lexer-1.2.3.tgz. Extracting by manifest.
2337 silly tarball no local data for @napi-rs/keyring@https://registry.npmjs.org/@napi-rs/keyring/-/keyring-1.2.0.tgz. Extracting by manifest.
2338 silly tarball no local data for async-listen@https://registry.npmjs.org/async-listen/-/async-listen-3.0.0.tgz. Extracting by manifest.
2339 silly tarball no local data for @vercel/oidc@https://registry.npmjs.org/@vercel/oidc/-/oidc-3.8.4.tgz. Extracting by manifest.
2340 silly tarball no local data for throttleit@https://registry.npmjs.org/throttleit/-/throttleit-2.1.0.tgz. Extracting by manifest.
2341 silly tarball no local data for open@https://registry.npmjs.org/open/-/open-8.4.0.tgz. Extracting by manifest.
2342 silly tarball no local data for async-retry@https://registry.npmjs.org/async-retry/-/async-retry-1.3.3.tgz. Extracting by manifest.
2343 silly tarball no local data for is-buffer@https://registry.npmjs.org/is-buffer/-/is-buffer-2.0.5.tgz. Extracting by manifest.
2344 silly tarball no local data for is-node-process@https://registry.npmjs.org/is-node-process/-/is-node-process-1.2.0.tgz. Extracting by manifest.
2345 silly tarball no local data for tsx@https://registry.npmjs.org/tsx/-/tsx-4.21.0.tgz. Extracting by manifest.
2346 silly tarball no local data for resolve.exports@https://registry.npmjs.org/resolve.exports/-/resolve.exports-2.0.3.tgz. Extracting by manifest.
2347 silly tarball no local data for srvx@https://registry.npmjs.org/srvx/-/srvx-0.11.16.tgz. Extracting by manifest.
2348 silly tarball no local data for ts-morph@https://registry.npmjs.org/ts-morph/-/ts-morph-12.0.0.tgz. Extracting by manifest.
2349 silly tarball no local data for rolldown@https://registry.npmjs.org/rolldown/-/rolldown-1.0.0-rc.1.tgz. Extracting by manifest.
2350 silly tarball no local data for oxc-transform@https://registry.npmjs.org/oxc-transform/-/oxc-transform-0.111.0.tgz. Extracting by manifest.
2351 silly tarball no local data for path-to-regexp@https://registry.npmjs.org/path-to-regexp/-/path-to-regexp-8.3.0.tgz. Extracting by manifest.
2352 silly tarball no local data for get-port@https://registry.npmjs.org/get-port/-/get-port-5.1.1.tgz. Extracting by manifest.
2353 silly tarball no local data for execa@https://registry.npmjs.org/execa/-/execa-3.2.0.tgz. Extracting by manifest.
2354 silly tarball no local data for @vercel/static-config@https://registry.npmjs.org/@vercel/static-config/-/static-config-3.4.1.tgz. Extracting by manifest.
2355 silly tarball no local data for fs-extra@https://registry.npmjs.org/fs-extra/-/fs-extra-11.1.0.tgz. Extracting by manifest.
2356 silly tarball no local data for @vercel/nft@https://registry.npmjs.org/@vercel/nft/-/nft-1.10.0.tgz. Extracting by manifest.
2357 silly tarball no local data for sandbox@https://registry.npmjs.org/sandbox/-/sandbox-3.4.0.tgz. Extracting by manifest.
2358 silly tarball no local data for undici@https://registry.npmjs.org/undici/-/undici-5.29.0.tgz. Extracting by manifest.
2359 silly tarball no local data for smol-toml@https://registry.npmjs.org/smol-toml/-/smol-toml-1.5.2.tgz. Extracting by manifest.
2360 silly tarball no local data for uuid@https://registry.npmjs.org/uuid/-/uuid-14.0.1.tgz. Extracting by manifest.
2361 silly tarball no local data for zod@https://registry.npmjs.org/zod/-/zod-4.1.11.tgz. Extracting by manifest.
2362 silly tarball no local data for jose@https://registry.npmjs.org/jose/-/jose-5.9.6.tgz. Extracting by manifest.
2363 silly tarball no local data for luxon@https://registry.npmjs.org/luxon/-/luxon-3.7.2.tgz. Extracting by manifest.
2364 silly tarball no local data for esbuild@https://registry.npmjs.org/esbuild/-/esbuild-0.27.0.tgz. Extracting by manifest.
2365 silly tarball no local data for jsonc-parser@https://registry.npmjs.org/jsonc-parser/-/jsonc-parser-3.3.1.tgz. Extracting by manifest.
2366 silly tarball no local data for @vercel/remix-builder@https://registry.npmjs.org/@vercel/remix-builder/-/remix-builder-5.9.5.tgz. Extracting by manifest.
2367 silly tarball no local data for chokidar@https://registry.npmjs.org/chokidar/-/chokidar-4.0.0.tgz. Extracting by manifest.
2368 silly tarball no local data for @vercel/static-build@https://registry.npmjs.org/@vercel/static-build/-/static-build-2.12.7.tgz. Extracting by manifest.
2369 silly tarball no local data for @vercel/python-analysis@https://registry.npmjs.org/@vercel/python-analysis/-/python-analysis-0.13.2.tgz. Extracting by manifest.
2370 silly tarball no local data for @vercel/rust@https://registry.npmjs.org/@vercel/rust/-/rust-1.4.2.tgz. Extracting by manifest.
2371 silly tarball no local data for @vercel/python@https://registry.npmjs.org/@vercel/python/-/python-6.57.1.tgz. Extracting by manifest.
2372 silly tarball no local data for @vercel/redwood@https://registry.npmjs.org/@vercel/redwood/-/redwood-2.5.2.tgz. Extracting by manifest.
2373 silly tarball no local data for @vercel/prepare-flags-definitions@https://registry.npmjs.org/@vercel/prepare-flags-definitions/-/prepare-flags-definitions-0.3.0.tgz. Extracting by manifest.
2374 silly tarball no local data for @vercel/node@https://registry.npmjs.org/@vercel/node/-/node-5.10.1.tgz. Extracting by manifest.
2375 silly tarball no local data for @vercel/next@https://registry.npmjs.org/@vercel/next/-/next-4.21.6.tgz. Extracting by manifest.
2376 silly tarball no local data for @vercel/hydrogen@https://registry.npmjs.org/@vercel/hydrogen/-/hydrogen-1.4.2.tgz. Extracting by manifest.
2377 silly tarball no local data for @vercel/nestjs@https://registry.npmjs.org/@vercel/nestjs/-/nestjs-0.2.119.tgz. Extracting by manifest.
2378 silly tarball no local data for @vercel/koa@https://registry.npmjs.org/@vercel/koa/-/koa-0.1.98.tgz. Extracting by manifest.
2379 silly tarball no local data for @vercel/h3@https://registry.npmjs.org/@vercel/h3/-/h3-0.1.124.tgz. Extracting by manifest.
2380 silly tarball no local data for @vercel/hono@https://registry.npmjs.org/@vercel/hono/-/hono-0.2.118.tgz. Extracting by manifest.
2381 silly tarball no local data for @vercel/fastify@https://registry.npmjs.org/@vercel/fastify/-/fastify-0.1.118.tgz. Extracting by manifest.
2382 silly tarball no local data for @vercel/go@https://registry.npmjs.org/@vercel/go/-/go-3.11.0.tgz. Extracting by manifest.
2383 silly tarball no local data for @vercel/fun@https://registry.npmjs.org/@vercel/fun/-/fun-1.3.0.tgz. Extracting by manifest.
2384 silly tarball no local data for @vercel/express@https://registry.npmjs.org/@vercel/express/-/express-0.1.129.tgz. Extracting by manifest.
2385 silly tarball no local data for @vercel/elysia@https://registry.npmjs.org/@vercel/elysia/-/elysia-0.1.115.tgz. Extracting by manifest.
2386 silly tarball no local data for @vercel/container@https://registry.npmjs.org/@vercel/container/-/container-0.2.0.tgz. Extracting by manifest.
2387 silly tarball no local data for @vercel/detect-agent@https://registry.npmjs.org/@vercel/detect-agent/-/detect-agent-1.2.5.tgz. Extracting by manifest.
2388 silly tarball no local data for @vercel/cli-config@https://registry.npmjs.org/@vercel/cli-config/-/cli-config-0.2.3.tgz. Extracting by manifest.
2389 silly tarball no local data for @vercel/build-utils@https://registry.npmjs.org/@vercel/build-utils/-/build-utils-14.1.1.tgz. Extracting by manifest.
2390 silly tarball no local data for vercel@https://registry.npmjs.org/vercel/-/vercel-59.1.4.tgz. Extracting by manifest.
2391 silly tarball no local data for @vercel/backends@https://registry.npmjs.org/@vercel/backends/-/backends-0.8.38.tgz. Extracting by manifest.
2392 silly tarball no local data for @vercel/cli-auth@https://registry.npmjs.org/@vercel/cli-auth/-/cli-auth-0.3.4.tgz. Extracting by manifest.
2393 silly tarball no local data for @vercel/blob@https://registry.npmjs.org/@vercel/blob/-/blob-2.8.0.tgz. Extracting by manifest.
2394 silly tarball no local data for undici@https://registry.npmjs.org/undici/-/undici-7.29.0.tgz. Extracting by manifest.
2395 silly tarball no local data for minimatch@https://registry.npmjs.org/minimatch/-/minimatch-3.1.5.tgz. Extracting by manifest.
2396 silly tarball no local data for @vercel/oidc@https://registry.npmjs.org/@vercel/oidc/-/oidc-3.2.0.tgz. Extracting by manifest.
2397 silly tarball no local data for ms@https://registry.npmjs.org/ms/-/ms-2.1.3.tgz. Extracting by manifest.
2398 silly tarball no local data for jose@https://registry.npmjs.org/jose/-/jose-6.2.3.tgz. Extracting by manifest.
2399 silly tarball no local data for picomatch@https://registry.npmjs.org/picomatch/-/picomatch-2.3.2.tgz. Extracting by manifest.
2400 silly tarball no local data for signal-exit@https://registry.npmjs.org/signal-exit/-/signal-exit-3.0.7.tgz. Extracting by manifest.
2401 silly tarball no local data for async-listen@https://registry.npmjs.org/async-listen/-/async-listen-3.0.1.tgz. Extracting by manifest.
2402 silly tarball no local data for human-signals@https://registry.npmjs.org/human-signals/-/human-signals-2.1.0.tgz. Extracting by manifest.
2403 silly tarball no local data for execa@https://registry.npmjs.org/execa/-/execa-5.1.1.tgz. Extracting by manifest.
2404 silly tarball no local data for get-stream@https://registry.npmjs.org/get-stream/-/get-stream-6.0.1.tgz. Extracting by manifest.
2405 silly tarball no local data for once@https://registry.npmjs.org/once/-/once-1.3.3.tgz. Extracting by manifest.
2406 silly tarball no local data for @vercel/ruby@https://registry.npmjs.org/@vercel/ruby/-/ruby-2.5.1.tgz. Extracting by manifest.
2407 silly tarball no local data for balanced-match@https://registry.npmjs.org/balanced-match/-/balanced-match-4.0.4.tgz. Extracting by manifest.
2408 silly tarball no local data for minimatch@https://registry.npmjs.org/minimatch/-/minimatch-10.2.6.tgz. Extracting by manifest.
2409 silly tarball no local data for xdg-app-paths@https://registry.npmjs.org/xdg-app-paths/-/xdg-app-paths-5.1.0.tgz. Extracting by manifest.
2410 silly tarball no local data for end-of-stream@https://registry.npmjs.org/end-of-stream/-/end-of-stream-1.1.0.tgz. Extracting by manifest.
2411 silly tarball no local data for signal-exit@https://registry.npmjs.org/signal-exit/-/signal-exit-3.0.7.tgz. Extracting by manifest.
2412 silly tarball no local data for brace-expansion@https://registry.npmjs.org/brace-expansion/-/brace-expansion-5.0.9.tgz. Extracting by manifest.
2413 silly tarball no local data for yallist@https://registry.npmjs.org/yallist/-/yallist-4.0.0.tgz. Extracting by manifest.
2414 silly tarball no local data for ms@https://registry.npmjs.org/ms/-/ms-2.1.2.tgz. Extracting by manifest.
2415 silly tarball no local data for ms@https://registry.npmjs.org/ms/-/ms-2.1.3.tgz. Extracting by manifest.
2416 silly tarball no local data for debug@https://registry.npmjs.org/debug/-/debug-4.4.3.tgz. Extracting by manifest.
2417 silly tarball no local data for signal-exit@https://registry.npmjs.org/signal-exit/-/signal-exit-3.0.7.tgz. Extracting by manifest.
2418 silly tarball no local data for path-to-regexp@https://registry.npmjs.org/path-to-regexp/-/path-to-regexp-6.1.0.tgz. Extracting by manifest.
2419 silly tarball no local data for get-stream@https://registry.npmjs.org/get-stream/-/get-stream-6.0.1.tgz. Extracting by manifest.
2420 silly tarball no local data for semver@https://registry.npmjs.org/semver/-/semver-6.3.1.tgz. Extracting by manifest.
2421 silly tarball no local data for human-signals@https://registry.npmjs.org/human-signals/-/human-signals-2.1.0.tgz. Extracting by manifest.
2422 silly tarball no local data for fs-extra@https://registry.npmjs.org/fs-extra/-/fs-extra-11.1.1.tgz. Extracting by manifest.
2423 silly tarball no local data for execa@https://registry.npmjs.org/execa/-/execa-5.1.1.tgz. Extracting by manifest.
2424 silly tarball no local data for zod@https://registry.npmjs.org/zod/-/zod-3.22.4.tgz. Extracting by manifest.
2425 silly tarball no local data for undici@https://registry.npmjs.org/undici/-/undici-5.28.4.tgz. Extracting by manifest.
2426 silly tarball no local data for es-module-lexer@https://registry.npmjs.org/es-module-lexer/-/es-module-lexer-1.4.1.tgz. Extracting by manifest.
2427 silly tarball no local data for path-to-regexp@https://registry.npmjs.org/path-to-regexp/-/path-to-regexp-6.1.0.tgz. Extracting by manifest.
2428 silly tarball no local data for node-fetch@https://registry.npmjs.org/node-fetch/-/node-fetch-2.6.9.tgz. Extracting by manifest.
2429 silly tarball no local data for zod@https://registry.npmjs.org/zod/-/zod-3.22.4.tgz. Extracting by manifest.
2430 silly tarball no local data for xdg-app-paths@https://registry.npmjs.org/xdg-app-paths/-/xdg-app-paths-5.1.0.tgz. Extracting by manifest.
2431 silly tarball no local data for zod@https://registry.npmjs.org/zod/-/zod-3.22.4.tgz. Extracting by manifest.
2432 silly tarball no local data for zod@https://registry.npmjs.org/zod/-/zod-3.22.4.tgz. Extracting by manifest.
2433 silly tarball no local data for lru-cache@https://registry.npmjs.org/lru-cache/-/lru-cache-6.0.0.tgz. Extracting by manifest.
2434 silly tarball no local data for path-to-regexp@https://registry.npmjs.org/path-to-regexp/-/path-to-regexp-8.2.0.tgz. Extracting by manifest.
2435 silly tarball no local data for undici@https://registry.npmjs.org/undici/-/undici-6.28.0.tgz. Extracting by manifest.
2436 silly tarball no local data for async-listen@https://registry.npmjs.org/async-listen/-/async-listen-1.2.0.tgz. Extracting by manifest.
2437 http fetch POST 200 https://registry.npmjs.org/-/npm/v1/security/advisories/bulk 411ms
2438 silly audit report {
2438 silly audit report   'smol-toml': [
2438 silly audit report     {
2438 silly audit report       id: 1115393,
2438 silly audit report       url: 'https://github.com/advisories/GHSA-v3rj-xjv7-4jmq',
2438 silly audit report       title: 'smol-toml: Denial of Service via TOML documents containing thousands of consecutive commented lines',
2438 silly audit report       severity: 'moderate',
2438 silly audit report       vulnerable_versions: '<1.6.1',
2438 silly audit report       cwe: [Array],
2438 silly audit report       cvss: [Object]
2438 silly audit report     }
2438 silly audit report   ],
2438 silly audit report   undici: [
2438 silly audit report     {
2438 silly audit report       id: 1101610,
2438 silly audit report       url: 'https://github.com/advisories/GHSA-c76h-2ccp-4975',
2438 silly audit report       title: 'Use of Insufficiently Random Values in undici',
2438 silly audit report       severity: 'moderate',
2438 silly audit report       vulnerable_versions: '>=4.5.0 <5.28.5',
2438 silly audit report       cwe: [Array],
2438 silly audit report       cvss: [Object]
2438 silly audit report     },
2438 silly audit report     {
2438 silly audit report       id: 1112496,
2438 silly audit report       url: 'https://github.com/advisories/GHSA-g9mf-h72j-4rw9',
2438 silly audit report       title: 'Undici has an unbounded decompression chain in HTTP responses on Node.js Fetch API via Content-Encoding leads to resource exhaustion',
2438 silly audit report       severity: 'moderate',
2438 silly audit report       vulnerable_versions: '<6.23.0',
2438 silly audit report       cwe: [Array],
2438 silly audit report       cvss: [Object]
2438 silly audit report     },
2438 silly audit report     {
2438 silly audit report       id: 1113069,
2438 silly audit report       url: 'https://github.com/advisories/GHSA-cxrh-j4jr-qwg3',
2438 silly audit report       title: 'undici Denial of Service attack via bad certificate data',
2438 silly audit report       severity: 'low',
2438 silly audit report       vulnerable_versions: '<5.29.0',
2438 silly audit report       cwe: [Array],
2438 silly audit report       cvss: [Object]
2438 silly audit report     },
2438 silly audit report     {
2438 silly audit report       id: 1114594,
2438 silly audit report       url: 'https://github.com/advisories/GHSA-2mjp-6q6p-2qxm',
2438 silly audit report       title: 'Undici has an HTTP Request/Response Smuggling issue',
2438 silly audit report       severity: 'moderate',
2438 silly audit report       vulnerable_versions: '<6.24.0',
2438 silly audit report       cwe: [Array],
2438 silly audit report       cvss: [Object]
2438 silly audit report     },
2438 silly audit report     {
2438 silly audit report       id: 1114638,
2438 silly audit report       url: 'https://github.com/advisories/GHSA-vrm6-8vpv-qv8q',
2438 silly audit report       title: 'Undici has Unbounded Memory Consumption in WebSocket permessage-deflate Decompression',
2438 silly audit report       severity: 'high',
2438 silly audit report       vulnerable_versions: '<6.24.0',
2438 silly audit report       cwe: [Array],
2438 silly audit report       cvss: [Object]
2438 silly audit report     },
2438 silly audit report     {
2438 silly audit report       id: 1114640,
2438 silly audit report       url: 'https://github.com/advisories/GHSA-v9p9-hfj2-hcw8',
2438 silly audit report       title: 'Undici has Unhandled Exception in WebSocket Client Due to Invalid server_max_window_bits Validation',
2438 silly audit report       severity: 'high',
2438 silly audit report       vulnerable_versions: '<6.24.0',
2438 silly audit report       cwe: [Array],
2438 silly audit report       cvss: [Object]
2438 silly audit report     },
2438 silly audit report     {
2438 silly audit report       id: 1114642,
2438 silly audit report       url: 'https://github.com/advisories/GHSA-4992-7rv2-5pvq',
2438 silly audit report       title: 'Undici has CRLF Injection in undici via `upgrade` option',
2438 silly audit report       severity: 'moderate',
2438 silly audit report       vulnerable_versions: '<6.24.0',
2438 silly audit report       cwe: [Array],
2438 silly audit report       cvss: [Object]
2438 silly audit report     },
2438 silly audit report     {
2438 silly audit report       id: 1130716,
2438 silly audit report       url: 'https://github.com/advisories/GHSA-8xcm-r25x-g524',
2438 silly audit report       title: 'undici vulnerable to downstream response desynchronization via retry interceptor',
2438 silly audit report       severity: 'moderate',
2438 silly audit report       vulnerable_versions: '<6.28.0',
2438 silly audit report       cwe: [Array],
2438 silly audit report       cvss: [Object]
2438 silly audit report     },
2438 silly audit report     {
2438 silly audit report       id: 1130727,
2438 silly audit report       url: 'https://github.com/advisories/GHSA-m8rv-5g2x-5cg5',
2438 silly audit report       title: "undici vulnerable to CRLF Injection via blob-like body 'type' property",
2438 silly audit report       severity: 'moderate',
2438 silly audit report       vulnerable_versions: '<6.28.0',
2438 silly audit report       cwe: [Array],
2438 silly audit report       cvss: [Object]
2438 silly audit report     },
2438 silly audit report     {
2438 silly audit report       id: 1130732,
2438 silly audit report       url: 'https://github.com/advisories/GHSA-v3r7-h72x-cjcm',
2438 silly audit report       title: 'undici vulnerable to cookie attribute injection via unsanitized domain and unparsed setCookie fields',
2438 silly audit report       severity: 'moderate',
2438 silly audit report       vulnerable_versions: '<6.28.0',
2438 silly audit report       cwe: [Array],
2438 silly audit report       cvss: [Object]
2438 silly audit report     },
2438 silly audit report     {
2438 silly audit report       id: 1121242,
2438 silly audit report       url: 'https://github.com/advisories/GHSA-p88m-4jfj-68fv',
2438 silly audit report       title: 'undici vulnerable to HTTP header injection via Set-Cookie percent-decoding',
2438 silly audit report       severity: 'moderate',
2438 silly audit report       vulnerable_versions: '<6.27.0',
2438 silly audit report       cwe: [Array],
2438 silly audit report       cvss: [Object]
2438 silly audit report     },
2438 silly audit report     {
2438 silly audit report       id: 1121245,
2438 silly audit report       url: 'https://github.com/advisories/GHSA-vxpw-j846-p89q',
2438 silly audit report       title: 'undici WebSocket client vulnerable to denial of service via fragment count bypass',
2438 silly audit report       severity: 'high',
2438 silly audit report       vulnerable_versions: '<6.27.0',
2438 silly audit report       cwe: [Array],
2438 silly audit report       cvss: [Object]
2438 silly audit report     },
2438 silly audit report     {
2438 silly audit report       id: 1121255,
2438 silly audit report       url: 'https://github.com/advisories/GHSA-g8m3-5g58-fq7m',
2438 silly audit report       title: 'undici vulnerable to Set-Cookie SameSite attribute downgrade via permissive substring matching',
2438 silly audit report       severity: 'low',
2438 silly audit report       vulnerable_versions: '<6.27.0',
2438 silly audit report       cwe: [Array],
2438 silly audit report       cvss: [Object]
2438 silly audit report     },
2438 silly audit report     {
2438 silly audit report       id: 1137243,
2438 silly audit report       url: 'https://github.com/advisories/GHSA-35p6-xmwp-9g52',
2438 silly audit report       title: 'undici vulnerable to HTTP response queue poisoning via keep-alive socket reuse',
2438 silly audit report       severity: 'low',
2438 silly audit report       vulnerable_versions: '<6.27.0',
2438 silly audit report       cwe: [Array],
2438 silly audit report       cvss: [Object]
2438 silly audit report     }
2438 silly audit report   ],
2438 silly audit report   'path-to-regexp': [
2438 silly audit report     {
2438 silly audit report       id: 1101846,
2438 silly audit report       url: 'https://github.com/advisories/GHSA-9wv6-86v2-598j',
2438 silly audit report       title: 'path-to-regexp outputs backtracking regular expressions',
2438 silly audit report       severity: 'high',
2438 silly audit report       vulnerable_versions: '>=4.0.0 <6.3.0',
2438 silly audit report       cwe: [Array],
2438 silly audit report       cvss: [Object]
2438 silly audit report     },
2438 silly audit report     {
2438 silly audit report       id: 1115573,
2438 silly audit report       url: 'https://github.com/advisories/GHSA-j3q9-mxjg-w52f',
2438 silly audit report       title: 'path-to-regexp vulnerable to Denial of Service via sequential optional groups',
2438 silly audit report       severity: 'high',
2438 silly audit report       vulnerable_versions: '>=8.0.0 <8.4.0',
2438 silly audit report       cwe: [Array],
2438 silly audit report       cvss: [Object]
2438 silly audit report     },
2438 silly audit report     {
2438 silly audit report       id: 1115582,
2438 silly audit report       url: 'https://github.com/advisories/GHSA-27v5-c462-wpq7',
2438 silly audit report       title: 'path-to-regexp vulnerable to Regular Expression Denial of Service via multiple wildcards',
2438 silly audit report       severity: 'moderate',
2438 silly audit report       vulnerable_versions: '>=8.0.0 <8.4.0',
2438 silly audit report       cwe: [Array],
2438 silly audit report       cvss: [Object]
2438 silly audit report     }
2438 silly audit report   ],
2438 silly audit report   '@tootallnate/once': [
2438 silly audit report     {
2438 silly audit report       id: 1119438,
2438 silly audit report       url: 'https://github.com/advisories/GHSA-vpq2-c234-7xj6',
2438 silly audit report       title: '@tootallnate/once vulnerable to Incorrect Control Flow Scoping',
2438 silly audit report       severity: 'low',
2438 silly audit report       vulnerable_versions: '<2.0.1',
2438 silly audit report       cwe: [Array],
2438 silly audit report       cvss: [Object]
2438 silly audit report     }
2438 silly audit report   ],
2438 silly audit report   tar: [
2438 silly audit report     {
2438 silly audit report       id: 1113375,
2438 silly audit report       url: 'https://github.com/advisories/GHSA-83g3-92jg-28cx',
2438 silly audit report       title: 'Arbitrary File Read/Write via Hardlink Target Escape Through Symlink Chain in node-tar Extraction',
2438 silly audit report       severity: 'high',
2438 silly audit report       vulnerable_versions: '<7.5.8',
2438 silly audit report       cwe: [Array],
2438 silly audit report       cvss: [Object]
2438 silly audit report     },
2438 silly audit report     {
2438 silly audit report       id: 1114200,
2438 silly audit report       url: 'https://github.com/advisories/GHSA-qffp-2rhf-9h96',
2438 silly audit report       title: 'tar has Hardlink Path Traversal via Drive-Relative Linkpath',
2438 silly audit report       severity: 'high',
2438 silly audit report       vulnerable_versions: '<=7.5.9',
2438 silly audit report       cwe: [Array],
2438 silly audit report       cvss: [Object]
2438 silly audit report     },
2438 silly audit report     {
2438 silly audit report       id: 1114302,
2438 silly audit report       url: 'https://github.com/advisories/GHSA-9ppj-qmqm-q256',
2438 silly audit report       title: 'node-tar Symlink Path Traversal via Drive-Relative Linkpath',
2438 silly audit report       severity: 'high',
2438 silly audit report       vulnerable_versions: '<=7.5.10',
2438 silly audit report       cwe: [Array],
2438 silly audit report       cvss: [Object]
2438 silly audit report     },
2438 silly audit report     {
2438 silly audit report       id: 1120782,
2438 silly audit report       url: 'https://github.com/advisories/GHSA-vmf3-w455-68vh',
2438 silly audit report       title: 'node-tar applies PAX size override to intermediary GNU long-name/long-link headers, causing tar parser interpretation differential (file smuggling)',
2438 silly audit report       severity: 'moderate',
2438 silly audit report       vulnerable_versions: '<=7.5.15',
2438 silly audit report       cwe: [Array],
2438 silly audit report       cvss: [Object]
2438 silly audit report     },
2438 silly audit report     {
2438 silly audit report       id: 1123939,
2438 silly audit report       url: 'https://github.com/advisories/GHSA-w8wr-v893-vjvp',
2438 silly audit report       title: 'node-tar: Process crash via PAX numeric path type confusion',
2438 silly audit report       severity: 'moderate',
2438 silly audit report       vulnerable_versions: '<=7.5.17',
2438 silly audit report       cwe: [Array],
2438 silly audit report       cvss: [Object]
2438 silly audit report     },
2438 silly audit report     {
2438 silly audit report       id: 1123940,
2438 silly audit report       url: 'https://github.com/advisories/GHSA-23hp-3jrh-7fpw',
2438 silly audit report       title: 'node-tar: Decompression/parse DoS via unlimited input',
2438 silly audit report       severity: 'critical',
2438 silly audit report       vulnerable_versions: '<=7.5.18',
2438 silly audit report       cwe: [Array],
2438 silly audit report       cvss: [Object]
2438 silly audit report     },
2438 silly audit report     {
2438 silly audit report       id: 1123941,
2438 silly audit report       url: 'https://github.com/advisories/GHSA-8x88-c5mf-7j5w',
2438 silly audit report       title: 'node-tar: Negative tar entry size causes infinite loop in archive replace',
2438 silly audit report       severity: 'high',
2438 silly audit report       vulnerable_versions: '<=7.5.17',
2438 silly audit report       cwe: [Array],
2438 silly audit report       cvss: [Object]
2438 silly audit report     },
2438 silly audit report     {
2438 silly audit report       id: 1123942,
2438 silly audit report       url: 'https://github.com/advisories/GHSA-gvwx-54wh-qm9j',
2438 silly audit report       title: 'node-tar: Uncaught Exception DoS via NUL byte in PAX path/linkpath records',
2438 silly audit report       severity: 'moderate',
2438 silly audit report       vulnerable_versions: '<=7.5.16',
2438 silly audit report       cwe: [Array],
2438 silly audit report       cvss: [Object]
2438 silly audit report     },
2438 silly audit report     {
2438 silly audit report       id: 1124287,
2438 silly audit report       url: 'https://github.com/advisories/GHSA-r292-9mhp-454m',
2438 silly audit report       title: 'node-tar: Uncontrolled recursion in mapHas/filesFilter allows uncatchable stack-overflow DoS via crafted long-path tar with member selection',
2438 silly audit report       severity: 'moderate',
2438 silly audit report       vulnerable_versions: '<=7.5.20',
2438 silly audit report       cwe: [Array],
2438 silly audit report       cvss: [Object]
2438 silly audit report     }
2438 silly audit report   ],
2438 silly audit report   'js-yaml': [
2438 silly audit report     {
2438 silly audit report       id: 1121860,
2438 silly audit report       url: 'https://github.com/advisories/GHSA-h67p-54hq-rp68',
2438 silly audit report       title: 'JS-YAML: Quadratic-complexity DoS in merge key handling via repeated aliases',
2438 silly audit report       severity: 'moderate',
2438 silly audit report       vulnerable_versions: '>=4.0.0 <=4.1.1',
2438 silly audit report       cwe: [Array],
2438 silly audit report       cvss: [Object]
2438 silly audit report     },
2438 silly audit report     {
2438 silly audit report       id: 1123911,
2438 silly audit report       url: 'https://github.com/advisories/GHSA-52cp-r559-cp3m',
2438 silly audit report       title: 'js-yaml: YAML merge-key chains can force quadratic CPU consumption',
2438 silly audit report       severity: 'high',
2438 silly audit report       vulnerable_versions: '>=4.0.0 <4.3.0',
2438 silly audit report       cwe: [Array],
2438 silly audit report       cvss: [Object]
2438 silly audit report     },
2438 silly audit report     {
2438 silly audit report       id: 1138115,
2438 silly audit report       url: 'https://github.com/advisories/GHSA-5p4m-2wfm-xmqj',
2438 silly audit report       title: 'JS-YAML: Quadratic CPU consumption in !!omap resolution (3.x and 4.x) — CVE-2026-59870 fix not backported',
2438 silly audit report       severity: 'high',
2438 silly audit report       vulnerable_versions: '>=4.0.0 <4.3.1',
2438 silly audit report       cwe: [Array],
2438 silly audit report       cvss: [Object]
2438 silly audit report     }
2438 silly audit report   ],
2438 silly audit report   minimatch: [
2438 silly audit report     {
2438 silly audit report       id: 1113466,
2438 silly audit report       url: 'https://github.com/advisories/GHSA-3ppc-4f35-3m26',
2438 silly audit report       title: 'minimatch has a ReDoS via repeated wildcards with non-matching literal in pattern',
2438 silly audit report       severity: 'high',
2438 silly audit report       vulnerable_versions: '>=10.0.0 <10.2.1',
2438 silly audit report       cwe: [Array],
2438 silly audit report       cvss: [Object]
2438 silly audit report     },
2438 silly audit report     {
2438 silly audit report       id: 1113545,
2438 silly audit report       url: 'https://github.com/advisories/GHSA-7r86-cg39-jmmj',
2438 silly audit report       title: 'minimatch has ReDoS: matchOne() combinatorial backtracking via multiple non-adjacent GLOBSTAR segments',
2438 silly audit report       severity: 'high',
2438 silly audit report       vulnerable_versions: '>=10.0.0 <10.2.3',
2438 silly audit report       cwe: [Array],
2438 silly audit report       cvss: [Object]
2438 silly audit report     },
2438 silly audit report     {
2438 silly audit report       id: 1113553,
2438 silly audit report       url: 'https://github.com/advisories/GHSA-23c5-xmqv-rm74',
2438 silly audit report       title: 'minimatch ReDoS: nested *() extglobs generate catastrophically backtracking regular expressions',
2438 silly audit report       severity: 'high',
2438 silly audit report       vulnerable_versions: '>=10.0.0 <10.2.3',
2438 silly audit report       cwe: [Array],
2438 silly audit report       cvss: [Object]
2438 silly audit report     }
2438 silly audit report   ],
2438 silly audit report   ajv: [
2438 silly audit report     {
2438 silly audit report       id: 1113715,
2438 silly audit report       url: 'https://github.com/advisories/GHSA-2g4f-4pwh-qvx6',
2438 silly audit report       title: 'ajv has ReDoS when using `$data` option',
2438 silly audit report       severity: 'moderate',
2438 silly audit report       vulnerable_versions: '>=7.0.0-alpha.0 <8.18.0',
2438 silly audit report       cwe: [Array],
2438 silly audit report       cvss: [Object]
2438 silly audit report     }
2438 silly audit report   ]
2438 silly audit report }
2439 silly packumentCache corgi:https://registry.npmjs.org/smol-toml cache-miss
2440 silly packumentCache corgi:https://registry.npmjs.org/undici cache-miss
2441 silly packumentCache corgi:https://registry.npmjs.org/path-to-regexp cache-miss
2442 silly packumentCache corgi:https://registry.npmjs.org/@tootallnate%2fonce cache-miss
2443 silly packumentCache corgi:https://registry.npmjs.org/tar cache-miss
2444 silly packumentCache corgi:https://registry.npmjs.org/js-yaml cache-miss
2445 silly packumentCache corgi:https://registry.npmjs.org/minimatch cache-miss
2446 silly packumentCache corgi:https://registry.npmjs.org/ajv cache-miss
2447 http fetch GET 200 https://registry.npmjs.org/yauzl-clone/-/yauzl-clone-1.0.4.tgz 360ms (cache miss)
2448 http fetch GET 200 https://registry.npmjs.org/concat-map/-/concat-map-0.0.1.tgz 365ms (cache miss)
2449 http fetch GET 200 https://registry.npmjs.org/balanced-match/-/balanced-match-1.0.2.tgz 365ms (cache miss)
2450 http fetch GET 200 https://registry.npmjs.org/pend/-/pend-1.2.0.tgz 367ms (cache miss)
2451 http fetch GET 200 https://registry.npmjs.org/events-intercept/-/events-intercept-2.0.0.tgz 370ms (cache miss)
2452 http fetch GET 200 https://registry.npmjs.org/fd-slicer/-/fd-slicer-1.1.0.tgz 371ms (cache miss)
2453 http fetch GET 200 https://registry.npmjs.org/brace-expansion/-/brace-expansion-1.1.18.tgz 376ms (cache miss)
2454 http fetch GET 200 https://registry.npmjs.org/yauzl/-/yauzl-2.10.0.tgz 377ms (cache miss)
2455 http fetch GET 200 https://registry.npmjs.org/buffer-crc32/-/buffer-crc32-0.2.13.tgz 379ms (cache miss)
2456 http fetch GET 200 https://registry.npmjs.org/xdg-portable/-/xdg-portable-7.3.0.tgz 394ms (cache miss)
2457 http fetch GET 200 https://registry.npmjs.org/resolve-pkg-maps/-/resolve-pkg-maps-1.0.0.tgz 392ms (cache miss)
2458 http fetch GET 200 https://registry.npmjs.org/punycode/-/punycode-2.3.1.tgz 410ms (cache miss)
2459 http fetch GET 200 https://registry.npmjs.org/is-number/-/is-number-7.0.0.tgz 425ms (cache miss)
2460 http fetch GET 200 https://registry.npmjs.org/tr46/-/tr46-0.0.3.tgz 450ms (cache miss)
2461 http fetch GET 200 https://registry.npmjs.org/get-tsconfig/-/get-tsconfig-4.14.3.tgz 453ms (cache miss)
2462 http fetch GET 200 https://registry.npmjs.org/reusify/-/reusify-1.1.0.tgz 465ms (cache miss)
2463 http fetch GET 200 https://registry.npmjs.org/to-regex-range/-/to-regex-range-5.0.1.tgz 472ms (cache miss)
2464 http fetch GET 200 https://registry.npmjs.org/queue-microtask/-/queue-microtask-1.2.3.tgz 474ms (cache miss)
2465 http fetch GET 200 https://registry.npmjs.org/is-glob/-/is-glob-4.0.3.tgz 473ms (cache miss)
2466 http fetch GET 200 https://registry.npmjs.org/run-parallel/-/run-parallel-1.2.0.tgz 475ms (cache miss)
2467 http fetch GET 200 https://registry.npmjs.org/is-extglob/-/is-extglob-2.1.1.tgz 476ms (cache miss)
2468 http fetch GET 200 https://registry.npmjs.org/braces/-/braces-3.0.3.tgz 489ms (cache miss)
2469 http fetch GET 200 https://registry.npmjs.org/@nodelib/fs.scandir/-/fs.scandir-2.1.5.tgz 540ms (cache miss)
2470 http fetch GET 200 https://registry.npmjs.org/webidl-conversions/-/webidl-conversions-3.0.1.tgz 557ms (cache miss)
2471 http fetch GET 200 https://registry.npmjs.org/merge2/-/merge2-1.4.1.tgz 561ms (cache miss)
2472 http fetch GET 200 https://registry.npmjs.org/glob-parent/-/glob-parent-5.1.2.tgz 565ms (cache miss)
2473 http fetch GET 200 https://registry.npmjs.org/@nodelib/fs.stat/-/fs.stat-2.0.5.tgz 569ms (cache miss)
2474 http fetch GET 200 https://registry.npmjs.org/@nodelib/fs.walk/-/fs.walk-1.2.8.tgz 580ms (cache miss)
2475 http fetch GET 200 https://registry.npmjs.org/os-paths/-/os-paths-4.4.0.tgz 592ms (cache miss)
2476 http fetch GET 200 https://registry.npmjs.org/isexe/-/isexe-2.0.0.tgz 594ms (cache miss)
2477 http fetch GET 200 https://registry.npmjs.org/micromatch/-/micromatch-4.0.8.tgz 589ms (cache miss)
2478 http fetch GET 200 https://registry.npmjs.org/mkdirp/-/mkdirp-1.0.4.tgz 622ms (cache miss)
2479 http fetch GET 200 https://registry.npmjs.org/@fastify/busboy/-/busboy-2.1.1.tgz 671ms (cache miss)
2480 http fetch GET 200 https://registry.npmjs.org/fill-range/-/fill-range-7.1.1.tgz 668ms (cache miss)
2481 http fetch GET 200 https://registry.npmjs.org/path-browserify/-/path-browserify-1.0.1.tgz 696ms (cache miss)
2482 http fetch GET 200 https://registry.npmjs.org/convert-hrtime/-/convert-hrtime-3.0.0.tgz 713ms (cache miss)
2483 http fetch GET 200 https://registry.npmjs.org/code-block-writer/-/code-block-writer-10.1.1.tgz 767ms (cache miss)
2484 http fetch GET 200 https://registry.npmjs.org/text-decoder/-/text-decoder-1.2.7.tgz 795ms (cache miss)
2485 http fetch GET 200 https://registry.npmjs.org/bare-events/-/bare-events-2.9.1.tgz 800ms (cache miss)
2486 http fetch GET 200 https://registry.npmjs.org/events-universal/-/events-universal-1.0.1.tgz 801ms (cache miss)
2487 http fetch GET 200 https://registry.npmjs.org/streamx/-/streamx-2.28.0.tgz 826ms (cache miss)
2488 http fetch GET 200 https://registry.npmjs.org/fast-fifo/-/fast-fifo-1.3.2.tgz 828ms (cache miss)
2489 http fetch GET 200 https://registry.npmjs.org/fastq/-/fastq-1.20.1.tgz 894ms (cache miss)
2490 http fetch GET 200 https://registry.npmjs.org/b4a/-/b4a-1.8.1.tgz 890ms (cache miss)
2491 http fetch GET 200 https://registry.npmjs.org/yallist/-/yallist-5.0.0.tgz 899ms (cache miss)
2492 http fetch GET 200 https://registry.npmjs.org/chownr/-/chownr-3.0.0.tgz 916ms (cache miss)
2493 http fetch GET 200 https://registry.npmjs.org/@isaacs/fs-minipass/-/fs-minipass-4.0.1.tgz 969ms (cache miss)
2494 http fetch GET 200 https://registry.npmjs.org/tar-stream/-/tar-stream-3.1.7.tgz 986ms (cache miss)
2495 http fetch GET 200 https://registry.npmjs.org/minizlib/-/minizlib-3.1.0.tgz 998ms (cache miss)
2496 http fetch GET 200 https://registry.npmjs.org/shebang-regex/-/shebang-regex-3.0.0.tgz 1015ms (cache miss)
2497 http fetch GET 200 https://registry.npmjs.org/stream-to-array/-/stream-to-array-2.3.0.tgz 1017ms (cache miss)
2498 http fetch GET 200 https://registry.npmjs.org/fast-glob/-/fast-glob-3.3.3.tgz 1029ms (cache miss)
2499 http fetch GET 200 https://registry.npmjs.org/jsonlines/-/jsonlines-0.1.1.tgz 1039ms (cache miss)
2500 http fetch GET 200 https://registry.npmjs.org/any-promise/-/any-promise-1.3.0.tgz 1060ms (cache miss)
2501 http fetch GET 200 https://registry.npmjs.org/ws/-/ws-8.21.3.tgz 1138ms (cache miss)
2502 http fetch GET 200 https://registry.npmjs.org/safer-buffer/-/safer-buffer-2.1.2.tgz 1140ms (cache miss)
2503 http fetch GET 200 https://registry.npmjs.org/statuses/-/statuses-1.5.0.tgz 1180ms (cache miss)
2504 http fetch GET 200 https://registry.npmjs.org/toidentifier/-/toidentifier-1.0.0.tgz 1206ms (cache miss)
2505 http fetch GET 200 https://registry.npmjs.org/setprototypeof/-/setprototypeof-1.1.1.tgz 1205ms (cache miss)
2506 http fetch GET 200 https://registry.npmjs.org/unpipe/-/unpipe-1.0.0.tgz 1227ms (cache miss)
2507 http fetch GET 200 https://registry.npmjs.org/inherits/-/inherits-2.0.4.tgz 1296ms (cache miss)
2508 http fetch GET 200 https://registry.npmjs.org/@rolldown/pluginutils/-/pluginutils-1.0.0-rc.1.tgz 1486ms (cache miss)
2509 http fetch GET 200 https://registry.npmjs.org/@workflow/serde/-/serde-4.1.0-beta.2.tgz 1491ms (cache miss)
2510 http fetch GET 200 https://registry.npmjs.org/http-errors/-/http-errors-1.7.3.tgz 1569ms (cache miss)
2511 http fetch GET 200 https://registry.npmjs.org/wrappy/-/wrappy-1.0.2.tgz 1852ms (cache miss)
2512 http fetch GET 200 https://registry.npmjs.org/bytes/-/bytes-3.1.0.tgz 1878ms (cache miss)
2513 http fetch GET 200 https://registry.npmjs.org/once/-/once-1.4.0.tgz 1879ms (cache miss)
2514 http fetch GET 200 https://registry.npmjs.org/@vercel/sandbox/-/sandbox-2.4.0.tgz 1891ms (cache miss)
2515 http fetch GET 200 https://registry.npmjs.org/end-of-stream/-/end-of-stream-1.4.5.tgz 2042ms (cache miss)
2516 http fetch GET 200 https://registry.npmjs.org/is-wsl/-/is-wsl-2.2.0.tgz 2143ms (cache miss)
2517 http fetch GET 200 https://registry.npmjs.org/parse-ms/-/parse-ms-2.1.0.tgz 2353ms (cache miss)
2518 http fetch GET 200 https://registry.npmjs.org/depd/-/depd-1.1.2.tgz 2364ms (cache miss)
2519 http fetch GET 200 https://registry.npmjs.org/whatwg-url/-/whatwg-url-5.0.0.tgz 2493ms (cache miss)
2520 http fetch GET 200 https://registry.npmjs.org/is-docker/-/is-docker-2.2.1.tgz 2689ms (cache miss)
2521 http fetch GET 200 https://registry.npmjs.org/abbrev/-/abbrev-3.0.1.tgz 2688ms (cache miss)
2522 http fetch GET 200 https://registry.npmjs.org/@isaacs/balanced-match/-/balanced-match-4.0.1.tgz 2711ms (cache miss)
2523 http fetch GET 200 https://registry.npmjs.org/mimic-fn/-/mimic-fn-2.1.0.tgz 2785ms (cache miss)
2524 http fetch GET 200 https://registry.npmjs.org/@oxc-project/types/-/types-0.110.0.tgz 2883ms (cache miss)
2525 http fetch GET 200 https://registry.npmjs.org/@isaacs/brace-expansion/-/brace-expansion-5.0.1.tgz 2928ms (cache miss)
2526 http fetch GET 200 https://registry.npmjs.org/define-lazy-prop/-/define-lazy-prop-2.0.0.tgz 3237ms (cache miss)
2527 http fetch GET 200 https://registry.npmjs.org/content-type/-/content-type-1.0.4.tgz 3559ms (cache miss)
2528 http fetch GET 200 https://registry.npmjs.org/arg/-/arg-4.1.0.tgz 3745ms (cache miss)
2529 http fetch GET 200 https://registry.npmjs.org/mime-db/-/mime-db-1.52.0.tgz 3760ms (cache miss)
2530 http fetch GET 200 https://registry.npmjs.org/argparse/-/argparse-2.0.1.tgz 3921ms (cache miss)
2531 http fetch GET 200 https://registry.npmjs.org/agent-base/-/agent-base-7.1.4.tgz 3941ms (cache miss)
2532 http fetch GET 200 https://registry.npmjs.org/@types/json-schema/-/json-schema-7.0.15.tgz 4423ms (cache miss)
2533 http fetch GET 200 https://registry.npmjs.org/raw-body/-/raw-body-2.4.1.tgz 4923ms (cache miss)
2534 http fetch GET 200 https://registry.npmjs.org/universalify/-/universalify-2.0.1.tgz 4921ms (cache miss)
2535 http fetch GET 200 https://registry.npmjs.org/@ts-morph/common/-/common-0.11.1.tgz 4946ms (cache miss)
2536 http fetch GET 200 https://registry.npmjs.org/path-scurry/-/path-scurry-2.0.2.tgz 4937ms (cache miss)
2537 http fetch GET 200 https://registry.npmjs.org/jsonfile/-/jsonfile-6.2.1.tgz 5237ms (cache miss)
2538 http fetch GET 200 https://registry.npmjs.org/shebang-command/-/shebang-command-2.0.0.tgz 5238ms (cache miss)
2539 http fetch GET 200 https://registry.npmjs.org/pump/-/pump-3.0.4.tgz 5242ms (cache miss)
2540 http fetch GET 200 https://registry.npmjs.org/iconv-lite/-/iconv-lite-0.4.24.tgz 5272ms (cache miss)
2541 http fetch GET 200 https://registry.npmjs.org/ts-toolbelt/-/ts-toolbelt-6.15.5.tgz 5524ms (cache miss)
2542 http fetch GET 200 https://registry.npmjs.org/strip-final-newline/-/strip-final-newline-2.0.0.tgz 5614ms (cache miss)
2543 http fetch GET 200 https://registry.npmjs.org/which/-/which-2.0.2.tgz 5822ms (cache miss)
2544 http fetch GET 200 https://registry.npmjs.org/minipass/-/minipass-7.1.3.tgz 5827ms (cache miss)
2545 http fetch GET 200 https://registry.npmjs.org/path-key/-/path-key-3.1.1.tgz 5908ms (cache miss)
2546 http fetch GET 200 https://registry.npmjs.org/p-finally/-/p-finally-2.0.1.tgz 5910ms (cache miss)
2547 http fetch GET 200 https://registry.npmjs.org/npm-run-path/-/npm-run-path-4.0.1.tgz 5912ms (cache miss)
2548 http fetch GET 200 https://registry.npmjs.org/onetime/-/onetime-5.1.2.tgz 5920ms (cache miss)
2549 http fetch GET 200 https://registry.npmjs.org/get-stream/-/get-stream-5.2.0.tgz 6028ms (cache miss)
2550 http fetch GET 200 https://registry.npmjs.org/merge-stream/-/merge-stream-2.0.0.tgz 6045ms (cache miss)
2551 http fetch GET 200 https://registry.npmjs.org/is-stream/-/is-stream-2.0.1.tgz 6046ms (cache miss)
2552 http fetch GET 200 https://registry.npmjs.org/human-signals/-/human-signals-1.1.1.tgz 6064ms (cache miss)
2553 http fetch GET 200 https://registry.npmjs.org/time-span/-/time-span-4.0.0.tgz 6100ms (cache miss)
2554 http fetch GET 200 https://registry.npmjs.org/cross-spawn/-/cross-spawn-7.0.6.tgz 6260ms (cache miss)
2555 http fetch GET 200 https://registry.npmjs.org/pretty-ms/-/pretty-ms-7.0.1.tgz 6262ms (cache miss)
2556 http fetch GET 200 https://registry.npmjs.org/picocolors/-/picocolors-1.0.0.tgz 6327ms (cache miss)
2557 http fetch GET 200 https://registry.npmjs.org/signal-exit/-/signal-exit-4.0.2.tgz 6349ms (cache miss)
2558 http fetch GET 200 https://registry.npmjs.org/readdirp/-/readdirp-4.1.2.tgz 6358ms (cache miss)
2559 http fetch GET 200 https://registry.npmjs.org/mri/-/mri-1.2.0.tgz 6383ms (cache miss)
2560 http fetch GET 200 https://registry.npmjs.org/file-uri-to-path/-/file-uri-to-path-1.0.0.tgz 6390ms (cache miss)
2561 http fetch GET 200 https://registry.npmjs.org/require-from-string/-/require-from-string-2.0.2.tgz 6443ms (cache miss)
2562 http fetch GET 200 https://registry.npmjs.org/@edge-runtime/ponyfill/-/ponyfill-2.4.2.tgz 6592ms (cache miss)
2563 http fetch GET 200 https://registry.npmjs.org/fast-deep-equal/-/fast-deep-equal-3.1.3.tgz 6609ms (cache miss)
2564 http fetch GET 200 https://registry.npmjs.org/json-schema-traverse/-/json-schema-traverse-1.0.0.tgz 6624ms (cache miss)
2565 http fetch GET 200 https://registry.npmjs.org/@vercel/gatsby-plugin-vercel-analytics/-/gatsby-plugin-vercel-analytics-1.0.12.tgz 6659ms (cache miss)
2566 http fetch GET 200 https://registry.npmjs.org/retry/-/retry-0.13.1.tgz 6746ms (cache miss)
2567 http fetch GET 200 https://registry.npmjs.org/@sinclair/typebox/-/typebox-0.25.24.tgz 6909ms (cache miss)
2568 http fetch GET 200 https://registry.npmjs.org/json-schema-to-ts/-/json-schema-to-ts-1.6.4.tgz 6977ms (cache miss)
2569 http fetch GET 200 https://registry.npmjs.org/js-yaml/-/js-yaml-4.1.1.tgz 7045ms (cache miss)
2570 http fetch GET 200 https://registry.npmjs.org/web-vitals/-/web-vitals-0.2.4.tgz 7099ms (cache miss)
2571 http fetch GET 200 https://registry.npmjs.org/mime-types/-/mime-types-2.1.35.tgz 7116ms (cache miss)
2572 http fetch GET 200 https://registry.npmjs.org/@edge-runtime/format/-/format-2.2.1.tgz 7133ms (cache miss)
2573 http fetch GET 200 https://registry.npmjs.org/undici-types/-/undici-types-5.26.5.tgz 7169ms (cache miss)
2574 http fetch GET 200 https://registry.npmjs.org/@vercel/gatsby-plugin-vercel-builder/-/gatsby-plugin-vercel-builder-2.2.41.tgz 7194ms (cache miss)
2575 http fetch GET 200 https://registry.npmjs.org/@renovatebot/pep440/-/pep440-4.2.1.tgz 7290ms (cache miss)
2576 http fetch GET 200 https://registry.npmjs.org/uri-js/-/uri-js-4.4.1.tgz 7328ms (cache miss)
2577 http fetch GET 200 https://registry.npmjs.org/etag/-/etag-1.8.1.tgz 7406ms (cache miss)
2578 http fetch GET 200 https://registry.npmjs.org/minimatch/-/minimatch-10.1.1.tgz 7520ms (cache miss)
2579 http fetch GET 200 https://registry.npmjs.org/@types/estree/-/estree-1.0.9.tgz 7534ms (cache miss)
2580 http fetch GET 200 https://registry.npmjs.org/lru-cache/-/lru-cache-11.5.2.tgz 7566ms (cache miss)
2581 http fetch GET 200 https://registry.npmjs.org/nopt/-/nopt-8.1.0.tgz 7560ms (cache miss)
2582 http fetch GET 200 https://registry.npmjs.org/@bytecodealliance/preview2-shim/-/preview2-shim-0.17.6.tgz 7593ms (cache miss)
2583 http fetch GET 200 https://registry.npmjs.org/edge-runtime/-/edge-runtime-2.5.9.tgz 7686ms (cache miss)
2584 http fetch GET 200 https://registry.npmjs.org/https-proxy-agent/-/https-proxy-agent-7.0.6.tgz 7889ms (cache miss)
2585 http fetch GET 200 https://registry.npmjs.org/resolve-from/-/resolve-from-5.0.0.tgz 7908ms (cache miss)
2586 http fetch GET 200 https://registry.npmjs.org/picomatch/-/picomatch-4.0.5.tgz 7946ms (cache miss)
2587 http fetch GET 200 https://registry.npmjs.org/node-gyp-build/-/node-gyp-build-4.8.4.tgz 8058ms (cache miss)
2588 http fetch GET 200 https://registry.npmjs.org/@edge-runtime/vm/-/vm-3.2.0.tgz 8074ms (cache miss)
2589 http fetch GET 200 https://registry.npmjs.org/@vercel/error-utils/-/error-utils-2.2.1.tgz 8102ms (cache miss)
2590 http fetch GET 200 https://registry.npmjs.org/ajv/-/ajv-8.6.3.tgz 8119ms (cache miss)
2591 http fetch GET 200 https://registry.npmjs.org/consola/-/consola-3.4.2.tgz 8127ms (cache miss)
2592 http fetch GET 200 https://registry.npmjs.org/@oxc-transform/binding-win32-x64-msvc/-/binding-win32-x64-msvc-0.111.0.tgz 8174ms (cache miss)
2593 http fetch GET 200 https://registry.npmjs.org/path-to-regexp/-/path-to-regexp-6.3.0.tgz 8158ms (cache miss)
2594 http fetch GET 200 https://registry.npmjs.org/estree-walker/-/estree-walker-2.0.2.tgz 8265ms (cache miss)
2595 http fetch GET 200 https://registry.npmjs.org/@types/node/-/node-20.11.0.tgz 8303ms (cache miss)
2596 http fetch GET 200 https://registry.npmjs.org/bindings/-/bindings-1.5.0.tgz 8397ms (cache miss)
2597 http fetch GET 200 https://registry.npmjs.org/async-sema/-/async-sema-3.1.1.tgz 8429ms (cache miss)
2598 http fetch GET 200 https://registry.npmjs.org/acorn-import-attributes/-/acorn-import-attributes-1.9.5.tgz 8468ms (cache miss)
2599 http fetch GET 200 https://registry.npmjs.org/graceful-fs/-/graceful-fs-4.2.11.tgz 8472ms (cache miss)
2600 http fetch GET 200 https://registry.npmjs.org/yauzl-promise/-/yauzl-promise-2.1.3.tgz 8506ms (cache miss)
2601 http fetch GET 200 https://registry.npmjs.org/@rollup/pluginutils/-/pluginutils-5.4.0.tgz 8609ms (cache miss)
2602 http fetch GET 200 https://registry.npmjs.org/uid-promise/-/uid-promise-1.0.0.tgz 8626ms (cache miss)
2603 http fetch GET 200 https://registry.npmjs.org/acorn/-/acorn-8.18.0.tgz 8630ms (cache miss)
2604 http fetch GET 200 https://registry.npmjs.org/tinyexec/-/tinyexec-0.3.2.tgz 8724ms (cache miss)
2605 http fetch GET 200 https://registry.npmjs.org/glob/-/glob-13.0.6.tgz 8771ms (cache miss)
2606 http fetch GET 200 https://registry.npmjs.org/@edge-runtime/primitives/-/primitives-4.1.0.tgz 8798ms (cache miss)
2607 http fetch GET 200 https://registry.npmjs.org/tree-kill/-/tree-kill-1.2.2.tgz 8855ms (cache miss)
2608 http fetch GET 200 https://registry.npmjs.org/stream-to-promise/-/stream-to-promise-2.2.0.tgz 8869ms (cache miss)
2609 warn deprecated stream-to-promise@2.2.0: Deprecated. Use node:stream/promises and node:stream/consumers instead.
2610 http fetch GET 200 https://registry.npmjs.org/stat-mode/-/stat-mode-0.3.0.tgz 8875ms (cache miss)
2611 http fetch GET 200 https://registry.npmjs.org/@vercel/cli-exec/-/cli-exec-1.0.1.tgz 8915ms (cache miss)
2612 http fetch GET 200 https://registry.npmjs.org/promisepipe/-/promisepipe-3.0.0.tgz 8926ms (cache miss)
2613 http fetch GET 200 https://registry.npmjs.org/node-fetch/-/node-fetch-2.6.7.tgz 8957ms (cache miss)
2614 http fetch GET 200 https://registry.npmjs.org/ms/-/ms-2.1.1.tgz 8985ms (cache miss)
2615 http fetch GET 200 https://registry.npmjs.org/micro/-/micro-9.3.5-canary.3.tgz 8989ms (cache miss)
2616 http fetch GET 200 https://registry.npmjs.org/semver/-/semver-7.5.4.tgz 9032ms (cache miss)
2617 http fetch GET 200 https://registry.npmjs.org/debug/-/debug-4.3.4.tgz 9055ms (cache miss)
2618 http fetch GET 200 https://registry.npmjs.org/generic-pool/-/generic-pool-3.4.2.tgz 9074ms (cache miss)
2619 http fetch GET 200 https://registry.npmjs.org/es-module-lexer/-/es-module-lexer-1.5.0.tgz 9085ms (cache miss)
2620 http fetch GET 200 https://registry.npmjs.org/cjs-module-lexer/-/cjs-module-lexer-1.2.3.tgz 9110ms (cache miss)
2621 http fetch GET 200 https://registry.npmjs.org/async-listen/-/async-listen-3.0.0.tgz 9125ms (cache miss)
2622 http fetch GET 200 https://registry.npmjs.org/throttleit/-/throttleit-2.1.0.tgz 9137ms (cache miss)
2623 http fetch GET 200 https://registry.npmjs.org/async-retry/-/async-retry-1.3.3.tgz 9160ms (cache miss)
2624 http fetch GET 200 https://registry.npmjs.org/@vercel/cervel/-/cervel-0.1.46.tgz 9172ms (cache miss)
2625 http fetch GET 200 https://registry.npmjs.org/open/-/open-8.4.0.tgz 9169ms (cache miss)
2626 http fetch GET 200 https://registry.npmjs.org/is-buffer/-/is-buffer-2.0.5.tgz 9284ms (cache miss)
2627 http fetch GET 200 https://registry.npmjs.org/@tootallnate/once/-/once-2.0.0.tgz 9300ms (cache miss)
2628 http fetch GET 200 https://registry.npmjs.org/@edge-runtime/node-utils/-/node-utils-2.3.0.tgz 9309ms (cache miss)
2629 http fetch GET 200 https://registry.npmjs.org/is-node-process/-/is-node-process-1.2.0.tgz 9296ms (cache miss)
2630 http fetch GET 200 https://registry.npmjs.org/resolve.exports/-/resolve.exports-2.0.3.tgz 9375ms (cache miss)
2631 http fetch GET 200 https://registry.npmjs.org/tar/-/tar-7.5.7.tgz 9393ms (cache miss)
2632 warn deprecated tar@7.5.7: Old versions of tar are not supported, and contain widely publicized security vulnerabilities, which have been fixed in the current version. Please update. Support for old versions may be purchased (at exorbitant rates) by contacting i@izs.me
2633 http fetch GET 200 https://registry.npmjs.org/srvx/-/srvx-0.11.16.tgz 9437ms (cache miss)
2634 http fetch GET 200 https://registry.npmjs.org/oxc-transform/-/oxc-transform-0.111.0.tgz 9475ms (cache miss)
2635 http fetch GET 200 https://registry.npmjs.org/get-port/-/get-port-5.1.1.tgz 9487ms (cache miss)
2636 http fetch GET 200 https://registry.npmjs.org/path-to-regexp/-/path-to-regexp-8.3.0.tgz 9498ms (cache miss)
2637 http fetch GET 200 https://registry.npmjs.org/execa/-/execa-3.2.0.tgz 9581ms (cache miss)
2638 http fetch GET 200 https://registry.npmjs.org/xdg-app-paths/-/xdg-app-paths-5.5.1.tgz 9657ms (cache miss)
2639 http fetch GET 200 https://registry.npmjs.org/@napi-rs/keyring-win32-x64-msvc/-/keyring-win32-x64-msvc-1.2.0.tgz 9665ms (cache miss)
2640 http fetch GET 200 https://registry.npmjs.org/@napi-rs/keyring/-/keyring-1.2.0.tgz 9697ms (cache miss)
2641 http fetch GET 200 https://registry.npmjs.org/fs-extra/-/fs-extra-11.1.0.tgz 9799ms (cache miss)
2642 http fetch GET 200 https://registry.npmjs.org/@vercel/oidc/-/oidc-3.8.4.tgz 9869ms (cache miss)
2643 http fetch GET 200 https://registry.npmjs.org/tsx/-/tsx-4.21.0.tgz 9981ms (cache miss)
2644 http fetch GET 200 https://registry.npmjs.org/uuid/-/uuid-14.0.1.tgz 10162ms (cache miss)
2645 http fetch GET 200 https://registry.npmjs.org/ts-morph/-/ts-morph-12.0.0.tgz 10230ms (cache miss)
2646 http fetch GET 200 https://registry.npmjs.org/@vercel/static-config/-/static-config-3.4.1.tgz 10230ms (cache miss)
2647 http fetch GET 200 https://registry.npmjs.org/@mapbox/node-pre-gyp/-/node-pre-gyp-2.0.3.tgz 10309ms (cache miss)
2648 http fetch GET 200 https://registry.npmjs.org/sandbox/-/sandbox-3.4.0.tgz 10302ms (cache miss)
2649 http fetch GET 200 https://registry.npmjs.org/rolldown/-/rolldown-1.0.0-rc.1.tgz 10330ms (cache miss)
2650 http fetch GET 200 https://registry.npmjs.org/esbuild/-/esbuild-0.27.0.tgz 10359ms (cache miss)
2651 http fetch GET 200 https://registry.npmjs.org/jsonc-parser/-/jsonc-parser-3.3.1.tgz 10392ms (cache miss)
2652 http fetch GET 200 https://registry.npmjs.org/@vercel/nft/-/nft-1.10.0.tgz 10431ms (cache miss)
2653 http fetch GET 200 https://registry.npmjs.org/chokidar/-/chokidar-4.0.0.tgz 10642ms (cache miss)
2654 http fetch GET 200 https://registry.npmjs.org/smol-toml/-/smol-toml-1.5.2.tgz 10719ms (cache miss)
2655 http fetch GET 200 https://registry.npmjs.org/@vercel/redwood/-/redwood-2.5.2.tgz 10721ms (cache miss)
2656 http fetch GET 200 https://registry.npmjs.org/jose/-/jose-5.9.6.tgz 11076ms (cache miss)
2657 http fetch GET 200 https://registry.npmjs.org/@vercel/nestjs/-/nestjs-0.2.119.tgz 11115ms (cache miss)
2658 http fetch GET 200 https://registry.npmjs.org/@vercel/remix-builder/-/remix-builder-5.9.5.tgz 11225ms (cache miss)
2659 http fetch GET 200 https://registry.npmjs.org/@vercel/hydrogen/-/hydrogen-1.4.2.tgz 11607ms (cache miss)
2660 http fetch GET 200 https://registry.npmjs.org/@vercel/python/-/python-6.57.1.tgz 11771ms (cache miss)
2661 http fetch GET 200 https://registry.npmjs.org/luxon/-/luxon-3.7.2.tgz 11838ms (cache miss)
2662 http fetch GET 200 https://registry.npmjs.org/@vercel/node/-/node-5.10.1.tgz 11891ms (cache miss)
2663 http fetch GET 200 https://registry.npmjs.org/@vercel/h3/-/h3-0.1.124.tgz 11921ms (cache miss)
2664 http fetch GET 200 https://registry.npmjs.org/@vercel/rust/-/rust-1.4.2.tgz 11929ms (cache miss)
2665 http fetch GET 200 https://registry.npmjs.org/@vercel/koa/-/koa-0.1.98.tgz 12054ms (cache miss)
2666 http fetch GET 200 https://registry.npmjs.org/@vercel/fastify/-/fastify-0.1.118.tgz 12224ms (cache miss)
2667 http fetch GET 200 https://registry.npmjs.org/@vercel/static-build/-/static-build-2.12.7.tgz 12354ms (cache miss)
2668 http fetch GET 200 https://registry.npmjs.org/@vercel/next/-/next-4.21.6.tgz 12427ms (cache miss)
2669 http fetch GET 200 https://registry.npmjs.org/@vercel/prepare-flags-definitions/-/prepare-flags-definitions-0.3.0.tgz 12533ms (cache miss)
2670 http fetch GET 200 https://registry.npmjs.org/@vercel/hono/-/hono-0.2.118.tgz 12671ms (cache miss)
2671 http fetch GET 200 https://registry.npmjs.org/@vercel/fun/-/fun-1.3.0.tgz 12724ms (cache miss)
2672 http fetch GET 200 https://registry.npmjs.org/@vercel/detect-agent/-/detect-agent-1.2.5.tgz 12854ms (cache miss)
2673 http fetch GET 200 https://registry.npmjs.org/@vercel/express/-/express-0.1.129.tgz 12953ms (cache miss)
2674 http fetch GET 200 https://registry.npmjs.org/@vercel/container/-/container-0.2.0.tgz 13063ms (cache miss)
2675 http fetch GET 200 https://registry.npmjs.org/@vercel/python-analysis/-/python-analysis-0.13.2.tgz 13096ms (cache miss)
2676 http fetch GET 200 https://registry.npmjs.org/@vercel/elysia/-/elysia-0.1.115.tgz 13105ms (cache miss)
2677 http fetch GET 200 https://registry.npmjs.org/@vercel/cli-config/-/cli-config-0.2.3.tgz 13120ms (cache miss)
2678 http fetch GET 200 https://registry.npmjs.org/zod/-/zod-4.1.11.tgz 13502ms (cache miss)
2679 http fetch GET 200 https://registry.npmjs.org/ms/-/ms-2.1.3.tgz 13852ms (cache miss)
2680 http fetch GET 200 https://registry.npmjs.org/undici/-/undici-5.29.0.tgz 13950ms (cache miss)
2681 http fetch GET 200 https://registry.npmjs.org/@vercel/oidc/-/oidc-3.2.0.tgz 14080ms (cache miss)
2682 http fetch GET 200 https://registry.npmjs.org/human-signals/-/human-signals-2.1.0.tgz 14436ms (cache miss)
2683 http fetch GET 200 https://registry.npmjs.org/signal-exit/-/signal-exit-3.0.7.tgz 14451ms (cache miss)
2684 http fetch GET 200 https://registry.npmjs.org/async-listen/-/async-listen-3.0.1.tgz 14676ms (cache miss)
2685 http fetch GET 200 https://registry.npmjs.org/get-stream/-/get-stream-6.0.1.tgz 14835ms (cache miss)
2686 http fetch GET 200 https://registry.npmjs.org/@vercel/build-utils/-/build-utils-14.1.1.tgz 14906ms (cache miss)
2687 http fetch GET 200 https://registry.npmjs.org/execa/-/execa-5.1.1.tgz 14913ms (cache miss)
2688 http fetch GET 200 https://registry.npmjs.org/once/-/once-1.3.3.tgz 14966ms (cache miss)
2689 http fetch GET 200 https://registry.npmjs.org/@vercel/blob/-/blob-2.8.0.tgz 15002ms (cache miss)
2690 http fetch GET 200 https://registry.npmjs.org/@vercel/cli-auth/-/cli-auth-0.3.4.tgz 15056ms (cache miss)
2691 http fetch GET 200 https://registry.npmjs.org/@vercel/backends/-/backends-0.8.38.tgz 15076ms (cache miss)
2692 http fetch GET 200 https://registry.npmjs.org/balanced-match/-/balanced-match-4.0.4.tgz 15159ms (cache miss)
2693 http fetch GET 200 https://registry.npmjs.org/@vercel/ruby/-/ruby-2.5.1.tgz 15187ms (cache miss)
2694 http fetch GET 200 https://registry.npmjs.org/xdg-app-paths/-/xdg-app-paths-5.1.0.tgz 15259ms (cache miss)
2695 http fetch GET 200 https://registry.npmjs.org/end-of-stream/-/end-of-stream-1.1.0.tgz 15279ms (cache miss)
2696 http fetch GET 200 https://registry.npmjs.org/signal-exit/-/signal-exit-3.0.7.tgz 15312ms (cache miss)
2697 http fetch GET 200 https://registry.npmjs.org/minimatch/-/minimatch-10.2.6.tgz 15399ms (cache miss)
2698 http fetch GET 200 https://registry.npmjs.org/ms/-/ms-2.1.2.tgz 15473ms (cache miss)
2699 http fetch GET 200 https://registry.npmjs.org/yallist/-/yallist-4.0.0.tgz 15477ms (cache miss)
2700 http fetch GET 200 https://registry.npmjs.org/ms/-/ms-2.1.3.tgz 15537ms (cache miss)
2701 http fetch GET 200 https://registry.npmjs.org/signal-exit/-/signal-exit-3.0.7.tgz 15605ms (cache miss)
2702 http fetch GET 200 https://registry.npmjs.org/debug/-/debug-4.4.3.tgz 15690ms (cache miss)
2703 http fetch GET 200 https://registry.npmjs.org/brace-expansion/-/brace-expansion-5.0.9.tgz 15694ms (cache miss)
2704 http fetch GET 200 https://registry.npmjs.org/minimatch/-/minimatch-3.1.5.tgz 15705ms (cache miss)
2705 http fetch GET 200 https://registry.npmjs.org/path-to-regexp/-/path-to-regexp-6.1.0.tgz 15784ms (cache miss)
2706 http fetch GET 200 https://registry.npmjs.org/get-stream/-/get-stream-6.0.1.tgz 15788ms (cache miss)
2707 http fetch GET 200 https://registry.npmjs.org/semver/-/semver-6.3.1.tgz 15807ms (cache miss)
2708 http fetch GET 200 https://registry.npmjs.org/jose/-/jose-6.2.3.tgz 15878ms (cache miss)
2709 http fetch GET 200 https://registry.npmjs.org/human-signals/-/human-signals-2.1.0.tgz 15909ms (cache miss)
2710 http fetch GET 200 https://registry.npmjs.org/fs-extra/-/fs-extra-11.1.1.tgz 16046ms (cache miss)
2711 http fetch GET 200 https://registry.npmjs.org/es-module-lexer/-/es-module-lexer-1.4.1.tgz 16230ms (cache miss)
2712 http fetch GET 200 https://registry.npmjs.org/node-fetch/-/node-fetch-2.6.9.tgz 16274ms (cache miss)
2713 http fetch GET 200 https://registry.npmjs.org/xdg-app-paths/-/xdg-app-paths-5.1.0.tgz 16330ms (cache miss)
2714 http fetch GET 200 https://registry.npmjs.org/execa/-/execa-5.1.1.tgz 16359ms (cache miss)
2715 http fetch GET 200 https://registry.npmjs.org/picomatch/-/picomatch-2.3.2.tgz 16438ms (cache miss)
2716 http fetch GET 200 https://registry.npmjs.org/path-to-regexp/-/path-to-regexp-6.1.0.tgz 16657ms (cache miss)
2717 http fetch GET 200 https://registry.npmjs.org/zod/-/zod-3.22.4.tgz 16753ms (cache miss)
2718 http fetch GET 200 https://registry.npmjs.org/undici/-/undici-7.29.0.tgz 16793ms (cache miss)
2719 http fetch GET 200 https://registry.npmjs.org/lru-cache/-/lru-cache-6.0.0.tgz 16780ms (cache miss)
2720 http fetch GET 200 https://registry.npmjs.org/async-listen/-/async-listen-1.2.0.tgz 16818ms (cache miss)
2721 http fetch GET 200 https://registry.npmjs.org/zod/-/zod-3.22.4.tgz 16845ms (cache miss)
2722 http fetch GET 200 https://registry.npmjs.org/zod/-/zod-3.22.4.tgz 16858ms (cache miss)
2723 http fetch GET 200 https://registry.npmjs.org/path-to-regexp/-/path-to-regexp-8.2.0.tgz 16872ms (cache miss)
2724 http fetch GET 200 https://registry.npmjs.org/path-to-regexp 16921ms (cache miss)
2725 silly packumentCache corgi:https://registry.npmjs.org/path-to-regexp set size:undefined disposed:false
2726 http fetch GET 200 https://registry.npmjs.org/@tootallnate%2fonce 16986ms (cache miss)
2727 silly packumentCache corgi:https://registry.npmjs.org/@tootallnate%2fonce set size:undefined disposed:false
2728 http fetch GET 200 https://registry.npmjs.org/js-yaml 17072ms (cache miss)
2729 silly packumentCache corgi:https://registry.npmjs.org/js-yaml set size:undefined disposed:false
2730 http fetch GET 200 https://registry.npmjs.org/vercel/-/vercel-59.1.4.tgz 17341ms (cache miss)
2731 http fetch GET 200 https://registry.npmjs.org/minimatch 17161ms (cache miss)
2732 silly packumentCache corgi:https://registry.npmjs.org/minimatch set size:undefined disposed:false
2733 http fetch GET 200 https://registry.npmjs.org/smol-toml 17185ms (cache miss)
2734 silly packumentCache corgi:https://registry.npmjs.org/smol-toml set size:undefined disposed:false
2735 http fetch GET 200 https://registry.npmjs.org/tar 17220ms (cache miss)
2736 silly packumentCache corgi:https://registry.npmjs.org/tar set size:undefined disposed:false
2737 http fetch GET 200 https://registry.npmjs.org/ajv 17263ms (cache miss)
2738 silly packumentCache corgi:https://registry.npmjs.org/ajv set size:undefined disposed:false
2739 http fetch GET 200 https://registry.npmjs.org/undici 17536ms (cache miss)
2740 silly packumentCache corgi:https://registry.npmjs.org/undici set size:undefined disposed:false
2741 silly packumentCache corgi:https://registry.npmjs.org/vercel cache-miss
2742 silly packumentCache corgi:https://registry.npmjs.org/@vercel%2fpython-analysis cache-miss
2743 silly packumentCache corgi:https://registry.npmjs.org/@vercel%2frust cache-miss
2744 http cache https://registry.npmjs.org/vercel 21ms (cache hit)
2745 silly packumentCache corgi:https://registry.npmjs.org/vercel set size:4585746 disposed:false
2746 http fetch GET 200 https://registry.npmjs.org/@vercel%2fpython-analysis 255ms (cache miss)
2747 silly packumentCache corgi:https://registry.npmjs.org/@vercel%2fpython-analysis set size:undefined disposed:false
2748 http fetch GET 200 https://registry.npmjs.org/@vercel%2frust 637ms (cache miss)
2749 silly packumentCache corgi:https://registry.npmjs.org/@vercel%2frust set size:undefined disposed:false
2750 silly packumentCache corgi:https://registry.npmjs.org/@vercel%2fnode cache-miss
2751 http fetch GET 200 https://registry.npmjs.org/zod/-/zod-3.22.4.tgz 18935ms (cache miss)
2752 http fetch GET 200 https://registry.npmjs.org/@vercel%2fnode 1238ms (cache miss)
2753 silly packumentCache corgi:https://registry.npmjs.org/@vercel%2fnode set size:undefined disposed:false
2754 silly packumentCache corgi:https://registry.npmjs.org/@vercel%2fremix-builder cache-miss
2755 http fetch GET 200 https://registry.npmjs.org/@esbuild/win32-x64/-/win32-x64-0.27.0.tgz 19872ms (cache miss)
2756 http fetch GET 200 https://registry.npmjs.org/@vercel%2fremix-builder 226ms (cache miss)
2757 silly packumentCache corgi:https://registry.npmjs.org/@vercel%2fremix-builder set size:undefined disposed:false
2758 silly packumentCache corgi:https://registry.npmjs.org/@vercel%2fbackends cache-miss
2759 silly packumentCache corgi:https://registry.npmjs.org/@vercel%2fexpress cache-miss
2760 silly packumentCache corgi:https://registry.npmjs.org/@vercel%2fhono cache-miss
2761 silly packumentCache corgi:https://registry.npmjs.org/@vercel%2ffun cache-miss
2762 http fetch GET 200 https://registry.npmjs.org/@vercel%2ffun 144ms (cache miss)
2763 silly packumentCache corgi:https://registry.npmjs.org/@vercel%2ffun set size:undefined disposed:false
2764 http fetch GET 200 https://registry.npmjs.org/@vercel/go/-/go-3.11.0.tgz 20137ms (cache miss)
2765 http fetch GET 200 https://registry.npmjs.org/@vercel%2fbackends 191ms (cache miss)
2766 silly packumentCache corgi:https://registry.npmjs.org/@vercel%2fbackends set size:undefined disposed:false
2767 http fetch GET 200 https://registry.npmjs.org/@vercel%2fhono 529ms (cache miss)
2768 silly packumentCache corgi:https://registry.npmjs.org/@vercel%2fhono set size:undefined disposed:false
2769 http fetch GET 200 https://registry.npmjs.org/@vercel%2fexpress 656ms (cache miss)
2770 silly packumentCache corgi:https://registry.npmjs.org/@vercel%2fexpress set size:undefined disposed:false
2771 silly packumentCache corgi:https://registry.npmjs.org/@mapbox%2fnode-pre-gyp cache-miss
2772 http fetch GET 200 https://registry.npmjs.org/undici/-/undici-6.28.0.tgz 20707ms (cache miss)
2773 http fetch GET 200 https://registry.npmjs.org/@mapbox%2fnode-pre-gyp 148ms (cache miss)
2774 silly packumentCache corgi:https://registry.npmjs.org/@mapbox%2fnode-pre-gyp set size:undefined disposed:false
2775 silly packumentCache corgi:https://registry.npmjs.org/@vercel%2fstatic-config cache-miss
2776 http fetch GET 200 https://registry.npmjs.org/undici/-/undici-5.28.4.tgz 21057ms (cache miss)
2777 http fetch GET 200 https://registry.npmjs.org/@vercel%2fstatic-config 612ms (cache miss)
2778 silly packumentCache corgi:https://registry.npmjs.org/@vercel%2fstatic-config set size:undefined disposed:false
2779 silly packumentCache corgi:https://registry.npmjs.org/@vercel%2fbuild-utils cache-miss
2780 silly packumentCache corgi:https://registry.npmjs.org/@vercel%2fpython cache-miss
2781 http fetch GET 200 https://registry.npmjs.org/@vercel%2fpython 1208ms (cache miss)
2782 silly packumentCache corgi:https://registry.npmjs.org/@vercel%2fpython set size:undefined disposed:false
2783 http fetch GET 200 https://registry.npmjs.org/@rolldown/binding-win32-x64-msvc/-/binding-win32-x64-msvc-1.0.0-rc.1.tgz 23950ms (cache miss)
2784 info run esbuild@0.27.0 postinstall node_modules/esbuild node install.js
2785 http fetch GET 200 https://registry.npmjs.org/@vercel%2fbuild-utils 3015ms (cache miss)
2786 silly packumentCache corgi:https://registry.npmjs.org/@vercel%2fbuild-utils set size:undefined disposed:false
2787 silly packumentCache corgi:https://registry.npmjs.org/@vercel%2felysia cache-miss
2788 silly packumentCache corgi:https://registry.npmjs.org/@vercel%2ffastify cache-miss
2789 silly packumentCache corgi:https://registry.npmjs.org/@vercel%2fh3 cache-miss
2790 silly packumentCache corgi:https://registry.npmjs.org/@vercel%2fkoa cache-miss
2791 silly packumentCache corgi:https://registry.npmjs.org/@vercel%2fnestjs cache-miss
2792 info run esbuild@0.27.0 postinstall { code: 0, signal: null }
2793 http fetch GET 200 https://registry.npmjs.org/@vercel%2fnestjs 505ms (cache miss)
2794 silly packumentCache corgi:https://registry.npmjs.org/@vercel%2fnestjs set size:undefined disposed:false
2795 http fetch GET 200 https://registry.npmjs.org/@vercel%2fh3 511ms (cache miss)
2796 silly packumentCache corgi:https://registry.npmjs.org/@vercel%2fh3 set size:undefined disposed:false
2797 http fetch GET 200 https://registry.npmjs.org/@vercel%2ffastify 541ms (cache miss)
2798 silly packumentCache corgi:https://registry.npmjs.org/@vercel%2ffastify set size:undefined disposed:false
2799 http fetch GET 200 https://registry.npmjs.org/@vercel%2fkoa 759ms (cache miss)
2800 silly packumentCache corgi:https://registry.npmjs.org/@vercel%2fkoa set size:undefined disposed:false
2801 http fetch GET 200 https://registry.npmjs.org/@vercel%2felysia 994ms (cache miss)
2802 silly packumentCache corgi:https://registry.npmjs.org/@vercel%2felysia set size:undefined disposed:false
2803 silly packumentCache corgi:https://registry.npmjs.org/@vercel%2fcervel cache-miss
2804 http fetch GET 200 https://registry.npmjs.org/@vercel%2fcervel 430ms (cache miss)
2805 silly packumentCache corgi:https://registry.npmjs.org/@vercel%2fcervel set size:undefined disposed:false
2806 silly packumentCache corgi:https://registry.npmjs.org/@vercel%2fhydrogen cache-miss
2807 silly packumentCache corgi:https://registry.npmjs.org/@vercel%2fredwood cache-miss
2808 silly packumentCache corgi:https://registry.npmjs.org/@vercel%2fstatic-build cache-miss
2809 http fetch GET 200 https://registry.npmjs.org/@vercel%2fhydrogen 642ms (cache miss)
2810 silly packumentCache corgi:https://registry.npmjs.org/@vercel%2fhydrogen set size:undefined disposed:false
2811 http fetch GET 200 https://registry.npmjs.org/@vercel%2fredwood 1042ms (cache miss)
2812 silly packumentCache corgi:https://registry.npmjs.org/@vercel%2fredwood set size:undefined disposed:false
2813 http fetch GET 200 https://registry.npmjs.org/@vercel%2fstatic-build 1141ms (cache miss)
2814 silly packumentCache corgi:https://registry.npmjs.org/@vercel%2fstatic-build set size:undefined disposed:false
2815 silly packumentCache corgi:https://registry.npmjs.org/@vercel%2fgatsby-plugin-vercel-builder cache-miss
2816 http fetch GET 200 https://registry.npmjs.org/@vercel%2fgatsby-plugin-vercel-builder 581ms (cache miss)
2817 silly packumentCache corgi:https://registry.npmjs.org/@vercel%2fgatsby-plugin-vercel-builder set size:undefined disposed:false
2818 verbose cwd C:\Users\HP\Documents\Codex\2026-08-18\files-pasted-by-the-user-build
2819 verbose os Windows_NT 10.0.26200
2820 verbose node v24.16.0
2821 verbose npm  v11.13.0
2822 verbose exit 1
2823 verbose code 1
